type,wp_id,slug,category,joomla_id,body_bytes
page,20853,bengkel-pengurusan-portal-rasmi-lkim,lain-lain,1,396
page,20737,bengkel-web-2024,lain-lain,2,44
page,19040,pengumuman,lain-lain,3,1332
page,16450,fishermens-youth-group-kubena-bm,lain-lain,4,0
page,16147,pejabat-perdaftar-persatuan-nelayan,lain-lain,5,7494
page,15813,peperiksaan-lkim,lain-lain,6,3303
page,17648,restoran-2,perkhidmatan/agrotourism,7,3148
page,17632,medan-ikan-bakar-mib-2,perkhidmatan/agrotourism,8,5113
page,17616,chalet-nelayan-2,perkhidmatan/agrotourism,9,4533
page,17598,pusat-latihan-camar-laut,perkhidmatan/agrotourism,10,4249
page,17580,pembangunan-perikanan-laut-dalam-2,perkhidmatan/industri-asas-tani,11,3757
page,17564,pembangunan-usahawan-bimbingan-pub-2,perkhidmatan/industri-asas-tani,12,2083
page,17546,geran-padanan-2,perkhidmatan/industri-asas-tani,13,1810
page,17531,agropreneur-muda-2,perkhidmatan/industri-asas-tani,14,3101
page,17513,pembangunan-perniagaan-2,perkhidmatan/industri-asas-tani,15,1433
page,17488,fishpro-3,perkhidmatan/industri-asas-tani,16,1067
page,17468,pusat-pemprosesan-hasil-perikanan-2,perkhidmatan/industri-asas-tani,17,3915
page,17441,operasi-pemantauan-dan-penguatkuasaan-2,perkhidmatan/kawalselia-penguatkuasaan,18,1112
page,17426,pengawasan-kualiti-rantaian-perikanan-domestik-2,perkhidmatan/kawalselia-penguatkuasaan,19,2426
page,17404,pendaftaran-dan-sijil-kebenaran-jeti-pendaratan-ikan-persendirian-2,perkhidmatan/kawalselia-penguatkuasaan,20,2928
page,17387,pengawasan-kualiti-tempat-pendaratan-ikan-bagi-pengeksportan-ikan-ke-kesatuan-eropah-2,perkhidmatan/kawalselia-penguatkuasaan,21,1056
page,17368,pengiktirafan-tempat-pendaratan-ikan-2,perkhidmatan/kawalselia-penguatkuasaan,22,2148
page,15197,pembangunan-perikanan-laut-dalam,lain-lain,23,3757
page,15192,pembangunan-usahawan-bimbingan,lain-lain,24,2130
page,15187,geran-padanan,lain-lain,25,1810
page,15176,agropreneur-muda,lain-lain,26,3101
page,15171,pembangunan-perniagaan,lain-lain,27,1433
page,15166,fishpro-2,lain-lain,28,1067
page,15161,pusat-pemprosesan-hasil-perikanan,lain-lain,29,3915
page,15156,sekatan-eksport-sempena-musim-perayaan,perkhidmatan/kawalselia-penguatkuasaan,30,257
page,15151,operasi-pemantauan-dan-penguatkuasaan,lain-lain,31,1112
page,15146,pengawasan-kualiti-rantaian-perikanan-domestik,lain-lain,32,2426
page,15141,pendaftaran-dan-sijil-kebenaran-jeti-pendaratan-ikan-persendirian,lain-lain,33,2928
page,15136,pengawasan-kualiti-tempat-pendaratan-ikan-bagi-pengeksportan-ikan-ke-kesatuan-eropah,lain-lain,34,1056
page,15131,pengiktirafan-tempat-pendaratan-ikan,lain-lain,35,1908
page,15119,pusat-pusat-pemeriksaan-ikan-2,perkhidmatan/pembangunan-infrastruktur,36,3100
page,15114,kemudahan-bilik-sejuk,lain-lain,37,843
page,15109,jeti-pendaratan-ikan-2,lain-lain,38,956
page,15104,kompleks-labuhan-perikanan-lkim,lain-lain,39,1689
page,15099,program-qfish,lain-lain,40,2428
page,16808,kemudahan-bilik-sejuk-2,perkhidmatan/pembangunan-infrastruktur,41,843
page,16790,jeti-pendaratan-ikan-3,perkhidmatan/pembangunan-infrastruktur,42,956
page,16775,kompleks-atau-labuhan-perikanan-lkim,perkhidmatan/pembangunan-infrastruktur,43,1733
page,16754,program-qfish-2,perkhidmatan/pemasaran-ikan,44,2387
page,15094,pusat-pengumpulan-dan-pengedaran-ikan,lain-lain,45,101
page,15075,pasar-nelayan-4,lain-lain,46,2811
page,15033,projek-khas-perumahan-nelayan,lain-lain,47,3642
page,15021,skim-bantuan-bencana-alam-dan-kebajikan-nelayan,lain-lain,48,1909
page,14993,skim-keselamatan-sosial-pekerjaan-sendiri,lain-lain,49,4807
page,14988,skim-subsidi-diesel-dan-petrol-nelayan,lain-lain,50,2008
page,14912,pembangunan-akuakultur-2,lain-lain,51,4340
page,14805,kubena,lain-lain,52,5225
page,14318,restoran,lain-lain,53,3189
page,14141,medan-ikan-bakar-mib,lain-lain,54,5113
page,14085,pembangunan-perikanan-laut-ppl,lain-lain,55,4397
page,14071,pembangunan-usahawan-bimbingan-pub,lain-lain,56,2923
page,14030,lkim-w-p-labuan,lain-lain,57,1951
page,14017,lkim-negeri-sabah,lain-lain,58,7318
page,14001,lkim-negeri-sarawak,lain-lain,59,8370
page,13984,lkim-negeri-kelantan,lain-lain,60,846
page,13970,lkim-negeri-terengganu,lain-lain,61,5771
page,13953,lkim-negeri-pahang,lain-lain,62,4375
page,13936,lkim-negeri-johor,lain-lain,63,4906
page,13899,lkim-negeri-melaka,lain-lain,64,3418
page,13875,lkim-negeri-sembilan,lain-lain,65,2928
page,13852,lkim-negeri-selangor,lain-lain,66,4474
page,13792,lkim-negeri-perak,lain-lain,67,5134
page,13767,lkim-negeri-pulau-pinang,lain-lain,68,3842
page,13751,lkim-negeri-kedah,lain-lain,69,4643
page,13735,dana-nelayan,perkhidmatan/bantuan-masyarakat-nelayan,70,3897
page,13691,pusat-pemprosesan-hasil-perikanan-pphp,lain-lain,71,4534
page,13675,agroprenuer-muda,lain-lain,72,3346
page,13656,jeti-pendaratan-ikan,lain-lain,73,1032
page,13592,kompleks-dan-jeti-pendaratan-ikan,lain-lain,74,2798
page,13457,pusat-pengumpulan-dan-pengedaran-ccdc,lain-lain,75,2160
page,13361,peta-lokasi,hubungi-kami,76,752
page,13212,persatuan-nelayan-kawasan,lain-lain,77,26294
page,12695,lkim-negeri-perlis,lain-lain,78,3063
page,12337,kumpulan-wanita-nelayan,perkhidmatan/institusi-nelayan,79,4579
page,12324,carta-organisasi-lkim-ibu-pejabat-2,info-lkim/organisasi,80,1617
page,16739,pusat-pengumpulan-dan-pengedaran-ikan-ccdc,perkhidmatan/pemasaran-ikan,81,2160
page,16698,pasar-nelayan-5,perkhidmatan/pemasaran-ikan,82,2811
page,16649,projek-khas-perumahan-nelayan-2,perkhidmatan/bantuan-masyarakat-nelayan,83,3642
page,16630,skim-bantuan-bencana-alam-dan-kebajikan-nelayan-2,perkhidmatan/bantuan-masyarakat-nelayan,84,2033
page,16614,skim-keselamatan-sosial-pekerjaan-sendiri-sksps,perkhidmatan/bantuan-masyarakat-nelayan,85,1514
page,16599,skim-subsidi-diesel-dan-petrol-nelayan-2,perkhidmatan/bantuan-masyarakat-nelayan,86,4954
page,16569,bantuan-sara-hidup-nelayan,perkhidmatan/bantuan-masyarakat-nelayan,87,1815
page,16543,pembangunan-akuakultur-3,perkhidmatan/institusi-nelayan,88,4340
page,16524,sokongan-dan-bantuan-kepada-kumpulan-nelayan-2,lain-lain,89,445
page,16500,kumpulan-keselamatan-nelayan-kesan,perkhidmatan/institusi-nelayan,90,5040
page,16484,kumpulan-belia-nelayan-kubena,perkhidmatan/institusi-nelayan,91,5183
page,16460,kumpulan-wanita-nelayan-kunita,perkhidmatan/institusi-nelayan,92,4536
page,12182,laporan-harga-ikan-2,lain-lain,93,762
page,12139,penerbitan,lain-lain,94,1664
page,12124,keluarga-lkim,lain-lain,95,349
page,12081,persatuan-nelayan,lain-lain,96,3496
page,12028,maklumat-korporat,lain-lain,97,41
page,11872,peta-laman-2,lain-lain,98,11703
page,195,test-2,lain-lain,99,0
page,11408,laman-utama-3,lain-lain,100,7535
page,11353,halatuju-lkim,lain-lain,101,213
page,11342,dasar-agromakanan-negara-dan-2-0,lain-lain,102,213
page,1092,ahli-ahli-jemaah-lembaga,info-lkim/organisasi,103,1340
page,10379,halaman-muat-turun-permohonan-pengesahan-dalam-aktiviti-rantaian-bekalan-dan-pemasaran-makanan-semasa-tempoh-perintah-kawalan-pergerakan,lain-lain,104,1276
page,10185,halaman-muat-turun-dokumen-sebut-harga-lkims9-2021-pelawaan-semula,lain-lain,105,966
page,10141,halaman-muat-turun-dokumen-sebut-harga-lkims5-2021-dan-lkims6-2021,lain-lain,106,1246
page,9978,muat-turun-dokumen-lkims43-dan-s45,lain-lain,107,1416
page,9931,muat-turun-dokumen-lkim-s382020,lain-lain,108,833
page,9923,muat-turun-dokumen-s432020,lain-lain,109,744
page,9818,muat-turun-dokumen-tawaran-sebut-harga-lkims26-2020-pelawaan-semula,lain-lain,110,1018
page,9810,sila-muat-turun-dokumen-berkaitan-sebut-harga-lkims33-2020,lain-lain,111,894
page,9656,muat-turun-dokumen-tawaran-sebut-harga-lkims6-2020-dan-lkims7-2020,lain-lain,112,1000
page,9633,perumahan-nelayan-2,lain-lain,113,76
page,9618,9618-2,lain-lain,114,109
page,9586,pusat-pengisytiharan-ikan-lkim,lain-lain,115,9103
page,9551,camar-laut-2,lain-lain,116,4488
page,9491,perniagaan-2,lain-lain,117,0
page,9486,perniagaan,lain-lain,118,0
page,9450,infofish,lain-lain,119,0
page,9453,pasar-nelayan-2,lain-lain,120,3430
page,9454,qfish,lain-lain,121,2938
page,9455,fishpro,lain-lain,122,0
page,9456,chalet-nelayan,lain-lain,123,4580
page,9457,camar-laut,lain-lain,124,0
page,8717,test,lain-lain,125,1390
page,9143,muat-turun-dokumen-tawaran-sebut-harga-s26-2020,lain-lain,126,1153
page,8725,pasar-nelayan-yang-beroperasi-sepanjang-tempoh-perintah-kawalan-pergerakan-pkp-dan-aktiviti-pemasaran-ikan-secara-cod,lain-lain,127,1552
page,7546,persatuan-nelayan-seluruh-malaysia,lain-lain,128,1388
page,29,perutusan-ketua-pengarah,info-lkim/perutusan,129,41
page,6529,klinik_panel_lkim,lain-lain,130,4439
page,6414,post,lain-lain,131,0
page,6162,surat-edaran-pendaftar-pn,lain-lain,132,359
page,6115,tarikh-mat-pn,lain-lain,133,1167
page,6109,keratan-akhbar,lain-lain,134,1957
page,5929,profil-menteri,info-lkim/profil,135,604
page,5911,foto-2017,lain-lain,136,418
page,5720,penyelenggaraan-sistem,lain-lain,137,127
page,5674,arahan-pendaftar-pn,lain-lain,138,216
page,3815,e-penyertaan,lain-lain,139,3370
page,3793,permohonan-datamaklumat-lkim,lain-lain,140,674
page,3519,tag-cloud,lain-lain,141,108
page,3352,dtsa,lain-lain,142,4059
page,2740,notis-hak-cipta,lain-lain,143,570
page,2616,pekeliling-arahan-pendaftar,lain-lain,144,393
page,2605,pemeriksaan,lain-lain,145,18379
page,2519,direktori-kakitangan,hubungi-kami,146,59
page,2427,carta-organisasi-lkim-negeri,lain-lain,147,10969
page,2360,buletin-lkim-edisi-januari-april-2015-2,lain-lain,148,270
page,2019,buletin-lkim-edisi-januari-april-2015,lain-lain,149,99
page,1760,bantuan-penggunaan-kod-qr,lain-lain,150,910
page,1753,1akses,lain-lain,151,139
page,1291,komplekspusat-pemeriksaan-ikan-lkim,lain-lain,152,6414
page,1285,persatuan-nelayan-negeri,lain-lain,153,3968
page,1280,persatuan-persatuan-nelayan,info-lkim/organisasi,154,170
page,1276,pejabat-lkim-negeri,info-lkim/organisasi,155,3308
page,1271,finance-accounts-division,lain-lain,156,5340
page,1269,bahagian-kewangan-akaun,lain-lain,157,9629
page,1264,bahagian-kawalselia-pendaratan-ikan-dan-penguatkuasaan,lain-lain,158,4597
page,1257,bahagian-pengurusan-maklumat,lain-lain,159,4139
page,1252,bahagian-kejuruteraan,lain-lain,160,7311
page,1242,bahagian-khidmat-pengurusan,lain-lain,161,4083
page,1235,bahagian-infrastruktur,lain-lain,162,5740
page,1227,bahagian-pemasaran-dan-pelesenan,lain-lain,163,6685
page,1220,agro-based-industry-division,lain-lain,164,4084
page,1215,bahagian-industri-asas-tani,lain-lain,165,2209
page,1206,skim-bantuan-bencana-alam-kebajikan-nelayan-2,lain-lain,166,5066
page,1199,bahagian-pembangunan-masyarakat-dan-pertubuhan-nelayan,lain-lain,167,8559
page,1190,bahagian-perancangan-dan-pembangunan,lain-lain,168,5126
page,1183,unit-undang-undang,lain-lain,169,6411
page,1167,bantuan,lain-lain,170,0
page,1163,peta-laman,lain-lain,171,17
page,1144,galeri,lain-lain,172,0
page,1137,pautan,lain-lain,173,3475
page,1126,unit-komunikasi-korporat,lain-lain,174,2525
page,1124,integrity-unit,lain-lain,175,9844
page,1119,unit-integriti,lain-lain,176,10057
page,1107,unit-audit-dalam,lain-lain,177,6221
page,1101,bahagian-bahagian-ibu-pejabat,info-lkim/organisasi,178,1416
page,1096,pengurusan-atasan,info-lkim/organisasi,179,12765
page,1059,perangkaan-agromakanan,lain-lain,180,348
page,1055,sendi-2,lain-lain,181,333
page,1029,lain-lain-bahasa,lain-lain,182,1690
page,1011,soalan-lazim,lain-lain,183,2241
page,1004,hubungi-kami,lain-lain,184,1034
page,956,dasar-keselamatan-ict,lain-lain,185,187
page,952,penafian,lain-lain,186,139
page,948,dasar-privasi,lain-lain,187,12482
page,942,terma-syarat,lain-lain,188,4496
page,914,tender-2,lain-lain,189,4148
page,907,sebutharga,lain-lain,190,4947
page,903,latihan-dan-kompetensi,lain-lain,191,629
page,899,sukatan-ptk,lain-lain,192,411
page,893,video,lain-lain,193,252
page,887,arkib-sebutharga-2,lain-lain,194,542
page,881,arkib-pertukaran-dan-kenaikan-pangkat-warga-lkim,lain-lain,195,368
page,876,arkib-petunjuk-prestasi-utama-kpi,lain-lain,196,854
page,871,arkib-sebutharga,lain-lain,197,443
page,867,arkib-dalam-akhbar,lain-lain,198,23673
page,863,arkib-peristiwa,lain-lain,199,404
page,788,newsletter-integriti,lain-lain,200,822
page,783,buletin-lkim,lain-lain,201,390
page,535,foto,lain-lain,202,6231
page,368,muat-turun,lain-lain,203,488
page,360,pasar-nelayan,lain-lain,204,5512
page,332,medan-ikan-bakar,lain-lain,205,9148
page,326,kompleks-kompleks-perikanan-lkim,lain-lain,206,379
page,322,pusat-pusat-pemeriksaan-ikan,lain-lain,207,6457
page,317,laporan-tahunan,lain-lain,208,180
page,211,akta,info-lkim/profil,209,2673
page,203,statistik-perkhidmatan-dalam-talian,lain-lain,210,16051
page,198,nekmatbiz,lain-lain,211,214299
page,179,perkhidmatan-dalam-talian,lain-lain,212,8388
page,163,program-ikan-rakyat,lain-lain,213,418
page,155,kawalselia-jeti-pendaratan-ikan,lain-lain,214,6657
page,140,pembangunan-pemasaran,lain-lain,215,5196
page,132,pembangunan-infrastruktur,lain-lain,216,1455
page,128,pembangunan-masyarakat-dan-pertubuhan-nelayan,lain-lain,217,3099
page,107,pembangunan-akuakultur,lain-lain,218,8202
page,102,pembangunan-industri-asas-tani,lain-lain,219,810
page,76,petunjuk-prestasi-utama-kpi-lkim,info-lkim/profil,220,626
page,69,akta-49,lain-lain,221,500
page,63,tafsir-logo,info-lkim/profil,222,583
page,59,piagam-pelanggan,info-lkim/profil,223,2036
page,52,visi-misi-objektif-fungsi,info-lkim/profil,224,1426
page,48,latar-belakang,info-lkim/profil,225,406
page,46,perutusan-pendaftar-2,info-lkim/perutusan,226,294
page,21,perutusan-pengerusi,info-lkim/perutusan,227,41
post,23900,jawatan-kosong-lkim-3,berita/pengumuman,228,946
post,23883,sebutharga-lkim-ibu-pejabat-lkims24-2026-sebut-harga-pemantauan-harga-ikan-lkim-peringkat-pasar-borong-dan-runcit,berita/pengumuman,229,238
post,23889,iklan-pengambilan-mypersonel,berita/pengumuman,230,579
post,23861,tawaran-penyewaan-projek-agropelancongan-rumah-rakit-dan-ekopelancongan-kuala-jarum-mas-perak,berita/pengumuman,231,279
post,23808,jawatan-kosong-2,berita/pengumuman,232,942
post,23728,sebutharga-lkim-ibu-pejabatlkims20-2026-sebut-harga-perkhidmatan-pengurusan-dan-pelaksanaan-aktiviti-di-pavilion-malaysia-fish-seafood-exposition-myse-dan-lain-lain-perkhidmatan-berkaitan-di-d,berita/pengumuman,233,388
post,23723,sebutharga-lkim-ibu-pejabat-lkims19-2026-merekabentuk-menghias-memasang-menyelenggara-membekal-serta-meroboh-struktur-pavilion-malaysia-fish-seafood-exposition-2026-myse-2026-dan-la,berita/pengumuman,234,368
post,23716,tawaran-permohonan-penyewaan-tanah-premis-projek-akuakultur-lkim,berita/pengumuman,235,1323
post,23706,sebutharga-lkim-selangorlkimbs3-2026-cadangan-pembekalan-penghantaran-dan-pemasangan-projek-rintis-solar-bot-nelayan-di-bawah-program-modenisasi-pembangunan-teknologi-mekanisasi-dan-automasi-l,berita/pengumuman,236,376
post,23699,sebutharga-lkim-ibu-pejabat-lkims16-2026-sebut-harga-membekal-menghantar-memasang-dan-menguji-tablet-untuk-ahli-jemaah-lembaga-pegawai-gred-48-dan-ke-atas-bagi-kegunaan-lembaga-kemajuan-ikan-mal,berita/pengumuman,237,327
post,23662,kenyataan-tawaran-sebut-harga-bagi-sewaan-kafeteria-ibu-pejabat,berita/pengumuman,238,736
post,23644,sebutharga-lkim-ibu-pejabat-lkims15-2026-cadangan-kerja-kerja-pembilikan-bagi-seksyen-pelesenan-di-aras-bawah-serta-kerja-kerja-berkaitan-di-bangunan-wisma-lembaga-kemajuan-ikan-malaysia-lkim-pul,berita/sebut-harga,239,440
post,23641,sebutharga-lkim-ibu-pejabat-lkim-s14-2026-cadangan-kerja-kerja-menaiktaraf-jalan-di-projek-akuakultur-persatuan-nelayan-satang-biru-sarawak,berita/sebut-harga,240,124
post,23613,sebutharga-lkim-ibu-pejabatlkims11-2026sebut-harga-perkhidmatan-mereka-bentuk-menaik-taraf-membangun-membekal-memasang-menguji-melatih-dan-mentauliah-portal-rasmi-lembaga-kemajuan-ikan-malay,berita/pengumuman,241,326
post,23574,tawaran-penyewaan-tanah-dan-premis-projek-akuakultur-lkim-2,berita/pengumuman,242,1323
post,23551,sebutharga-lkim-ibu-pejabat-lkims12-2026-cadangan-kerja-kerja-meroboh-16-unit-rumah-dan-lain-lain-kerja-yang-berkaitan-di-penempatan-semula-nelayan-tanjung-dawai-merbok-kedah,berita/pengumuman,243,146
post,23414,iklan-pengambilan-kakitangan-kontrak-mypersonel-lkim,berita/pengumuman,244,422
post,23286,perutusan-pendaftar-persatuan-nelayan,berita/pengumuman,245,240
post,23110,sebutharga-lkim-ibu-pejabat-lkims7-2026-sebut-harga-membekal-dan-menghantar-bekalan-alat-tulis-komputer-kepada-lembaga-kemajuan-ikan-malaysia,berita/pengumuman,246,268
post,23084,sebutharga-lkim-pulau-pinanglkimps03-2026-sebut-harga-cadangan-kerja-kerja-menaiktaraf-pasar-nelayan-serta-kerja-kerja-berkaitan-di-sungai-batu-pulau-pinang,berita/pengumuman,247,283
post,23078,sebutharga-lkim-pulau-pinang-lkimps02-2026-sebut-harga-cadangan-untuk-perkhidmatan-pembekalan-peralatan-program-peningkatan-produktiviti-nelayan-b40-touch-point-2026-lkim-negeri-pulau-pinang,berita/pengumuman,248,318
post,23070,sebutharga-lkim-ibu-pejabatlkims8-2026-cadangan-kerja-kerja-menaiktaraf-infrastruktur-dan-kemudahan-awam-di-floating-market-dan-tropical-garden-cafe-dlaman-lkim-taman-ekspo-pertanian-malaysia-se,berita/sebut-harga,249,340
post,23065,sebutharga-lkim-peraklkima-s01-2026-ps-cadangan-sebutharga-membekal-menghantar-dan-menabur-benih-kerang-bagi-projek-ternakan-kerang-persatuan-nelayan-kawasan-sungai-tinggi-perak-tahun-2026,berita/pengumuman,250,342
post,23060,sebutharga-lkim-ibu-pejabat-lkim-s4-2026-cadangan-pembekalan-1-unit-lori-bilik-sejuk-refrigerated-bonded-untuk-projek-pemasaran-ikan-persatuan-nelayan-kebangsaan-nekmat,berita/pengumuman,251,311
post,23055,sebutharga-lkim-ibu-pejabatlkims6-2026-cadangan-pemasangan-skrin-led-dan-menaiktaraf-lampu-pentas-di-dewan-besar-lembaga-kemajuan-ikan-malaysia-lkim-pulau-meranti-puchong-selangor,berita/pengumuman,252,305
post,23050,sebutharga-lkim-pulau-pinanglkimps01-2026-sebutharga-jualan-kenderaan-terpakai-2,berita/sebut-harga,253,495
post,23041,sebutharga-lkim-ibu-pejabatlkims5-2026-cadangan-kerja-kerja-penyiasatan-tanah-dan-pengujian-makmal-serta-kerja-kerja-lain-yang-berkaitan-di-taman-akuakultur-badong-pahang,berita/pengumuman,254,295
post,23005,sebutharga-ibu-pejabatlkims4-2026-cadangan-pembekalan-1-unit-lori-bilik-sejuk-refrigerated-bonded-untuk-projek-pemasaran-ikan-persatuan-nelayan-kebangsaan-nekmat,berita/pengumuman,255,295
post,22997,sebutharga-lkim-pulau-pinanglkimps01-2026-sebutharga-jualan-kenderaan-terpakai,berita/pengumuman,256,469
post,22980,sebutharga-ibu-pejabats3-2026-penjualan-kenderaan-terpakai,berita/pengumuman,257,466
post,22960,sebutharga-lkim-ibu-pejabatlkims2-2026-cadangan-kerja-kerja-pemuliharaan-tebing-dan-kerja-kerja-lain-yang-berkaitan-di-kompleks-lkim-kuala-besar-kota-bharu-kelantan,berita/sebut-harga,258,290
post,22895,sebutharga-ibu-pejabat-lkims1-2026-cadangan-kerja-kerja-pembaikan-saluran-kumbahan-di-loji-rawatan-kumbahan-serta-kerja-kerja-lain-yang-berkaitan-di-taman-pemprosesan-ikan-bersepadu-kuantan-kifpp,berita/sebut-harga,259,342
post,22733,iklan-pengambilan-mypersonel-pembantu-operasi,berita/pengumuman,260,267
post,22729,iklan-pengambilan-personel-penolong-jurutera-juruukur-bahan,berita/pengumuman,261,280
post,22648,plot-tanah-untuk-disewa,berita/pengumuman,262,857
post,22629,sebutharga-lkim-ibu-pejabatlkim-s30-2025-cadangan-kerja-kerja-membaikpulih-bangunan-serta-kerja-kerja-lain-yang-berkaitan-di-taman-pemprosesan-ikan-bersepadu-kuantan-kifpp-pahang,berita/pengumuman,263,294
post,22624,sebutharga-lkim-ibu-pejabatlkim-s23-2025-cadangan-kerja-kerja-pembaikan-saluran-kumbahan-di-loji-rawatan-kumbahan-serta-kerja-kerja-lain-yang-berkaitan-di-taman-pemprosesan-ikan-bersepadu-kuantan,berita/pengumuman,264,337
post,22619,keputusan-mesyuarat-jawatankuasa-sebut-harga-lembaga-kemajuan-ikan-malaysia-lkim-peringkat-ibupejabat-tahun-2025,berita/pengumuman,265,194
post,22606,sebutharga-lkim-ibu-pejabats31-2025-cadangan-pembangunan-semula-projek-akuakultur-pantai-merdeka-fasa-1-serta-kerja-kerja-berkaitan-di-pantai-merdeka-kedah,berita/pengumuman,266,292
post,22601,sebutharga-ibu-pejabats32-2025-cadangan-pemasangan-pepasangan-sistem-elektrik-serta-kerja-kerja-lain-yang-berkaitan-di-projek-akuakultur-pantai-merdeka-fasa-1-pantai-merdeka-kedah,berita/pengumuman,267,304
post,22595,sebutharga-lkim-negeri-pahanglkimcs11-2025-sebut-harga-penjualan-kenderaan-rasmi-pejabat-lkim-negeri-pahang-nissan-x-trail-millineum-2-5l-wqm-9482,berita/pengumuman,268,435
post,22590,tawaran-penyewaan-premis-projek-akuakultur-lkim,berita/pengumuman,269,306
post,22584,sebutharga-lkim-ibu-pejabat-lkim-s29-2025-cadangan-kerja-kerja-menaiktaraf-kemudahan-infrastruktur-jeti-pendaratan-ikan-serta-kerja-kerja-yang-berkaitan-di-jeti-pangkalan-nelayan-teluk-sengat-joh,berita/pengumuman,270,315
post,22579,sebutharga-lkim-ibu-pejabat-lkims25-2025-sebut-harga-bagi-perkhidmatan-penyelenggaraan-dan-khidmat-sokongan-peralatan-ict-pusat-data-data-center-ib-pejabat-lembaga-kemajuan-ikan-malaysia-bagi-te,berita/pengumuman,271,340
post,22574,sebutharga-lkim-ibu-pejabatlkim-s28-2025-cadangan-kerja-pembinaan-struktur-pengukuhan-tebing-serta-kerja-kerja-berkaitan-untuk-program-kampung-angkat-madani-di-kampung-salung-nabawan-sabah,berita/pengumuman,272,318
post,22568,sebutharga-lkim-ibu-pejabatlkim-s21-2025-cadangan-kerja-kerja-pembinaan-kemudahan-infrastruktur-jeti-pendaratan-ikan-serta-kerja-kerja-yang-berkaitan-di-kampung-pantai-tin-perak,berita/sebut-harga,273,306
post,22547,sebutharga-lkim-ibu-pejabatlkims26-2025-sebut-harga-bagi-membekal-membangun-menguji-dan-mentauliah-sistem-aduan-bpm-helpdesk-lembaga-kemajuan-ikan-malaysia,berita/pengumuman,274,285
post,22542,sebutharga-lkim-pulau-pinanglkimps08-2025-sebutharga-cadangan-kerja-kerja-menaik-taraf-infrastruktur-serta-kemudahan-di-restoran-dan-hotel-pen-mutiara-di-pelabuhan-lkim-batu-maung-pulau-pinang,berita/pengumuman,275,318
post,22537,sebutharga-lkim-negeri-sembilanlkimns02-2025-sebutharga-bagi-cadangan-kerja-kerja-membina-menghantar-mengangkat-dan-melabuh-modul-unjam-serta-kerja-kerja-berkaitan-di-bawah-program-mengoptimum,berita/pengumuman,896,417
post,22523,sebutharga-ibu-pejabatlkims20-2025-sebut-harga-membekal-menghantar-memasang-dan-menguji-peralatan-persidangan-video-dalam-talian-video-conferencing-system-bagi-bahagian-dan-pejabat-lkim-neger,berita/pengumuman,276,359
post,22518,sebutharga-ibu-pejabatlkims24-2025-sebut-harga-bagi-perkhidmatan-pembaharuan-lesen-perisian-antivirus-3-tahun-untuk-kegunaan-lembaga-kemajuan-ikan-malaysia,berita/pengumuman,277,288
post,22512,sebutharga-ibu-pejabatlkims17-2025-sebut-harga-bagi-perkhidmatan-penyelenggaraan-sistem-pengrusan-dan-kawalan-kompleks-spkk-lembaga-kemajuan-ikan-malaysia,berita/sebut-harga,278,288
post,22478,sebutharga-lkim-peraklkima-s08-2025-scadangan-kerja-kerja-peningkatan-bangunan-pusat-pengumpulan-dan-pengedaran-ccdc-di-tanjung-tualang-perak-pelawaan-semula,berita/sebut-harga,279,319
post,22472,sebutharga-ibu-pejabatlkims16-2025-sebut-harga-memperbaharui-lesen-perisian-autocad-bagi-tempoh-3-tahun-untuk-kegunaan-penolong-jurutera-lembaga-kemajuan-ikan-malaysia,berita/sebut-harga,280,299
post,22461,sebutharga-ibu-pejabatlkims10-2025sebut-harga-bagi-perkhidmatan-penyelenggaraan-tahunan-untuk-tiga-3-unit-chiller-dan-empat-4-buah-cooling-tower-untuk-sistem-penghawa-dingin-berpusat-serta-ker,berita/sebut-harga,897,438
post,22409,sebut-harga-cadangan-untuk-perkhidmatan-pembekalan-peralatan-baki-peruntukan-program-peningkatan-produktiviti-nelayan-b40-touch-point-2025-lkim-negeri-pulau-pinang-lkimp-s06-2025,berita/sebut-harga,281,339
post,22404,cadangan-kerja-kerja-naik-taraf-infrastruktur-serta-kerja-kerja-lain-yang-berkaitan-di-taman-pemprosesan-ikan-bersepadu-kifpp-kuantan-pahang-lkim-s22-2025,berita/sebut-harga,282,403
post,22384,tender-membekal-menghantar-memasang-mengkonfigurasi-mengujiguna-serta-mentauliah-perkakasan-dan-perisian-hyperconverged-infrastructure-hci-bagi-tempoh-3-tahun-di-lembaga-kemajuan-ikan-malaysia,berita/tender,283,361
post,22363,sebut-harga-bagi-membekal-membangun-menguji-dan-mentauliah-sistem-pengurusan-kontrak-bagi-kegunaan-lembaga-kemajuan-ikan-malaysia-lkims9-2025,berita/sebut-harga,284,131
post,22355,sebutharga-lkim-selangor-penjualan-kenderaan-terpakai-lkimbs1-2025-pelawaan-semula,berita/sebut-harga,285,257
post,22350,sebut-harga-bagi-program-risikan-harga-pasaran-sistem-e-pengisytiharan-modul-harga-ikan-lkim-peringkat-pasar-borong-dan-pasar-runcit-di-negeri-selangor-wilayah-persekutuan-kuala-lumpur-dan-putrajaya,berita/pengumuman,286,387
post,22344,sebut-harga-bagi-membekal-menghantar-memasang-dan-menguji-peralatan-ict-bagi-kegunaan-kakitangan-lembaga-kemajuan-ikan-malaysia-lkims15-2025,berita/pengumuman,287,295
post,22338,sebut-harga-membekal-menghantar-memasang-dan-menguji-tablet-untuk-ahli-jemaah-lembaga-pegawai-bergred-48-dan-ke-atas-ketua-unit-undang-undang-dan-ketua-unit-komunikasi-korporat-bagi-kegunaan-lemb,berita/pengumuman,288,392
post,22332,cadangan-kerja-kerja-menaiktaraf-paip-komunikasi-serta-kerja-kerja-lain-yang-berkaitan-di-penempatan-semula-nelayan-psn-tok-bali-pasir-putih-kelantan-lkims18-2025,berita/sebut-harga,289,334
post,22310,cadangan-kerja-kerja-penyelenggaraan-tembok-pagar-dan-pintu-pagar-serta-lain-lain-kerja-berkaitan-di-dewan-besar-lkim-jalan-desaria-pulau-meranti-puchong-selangor-lkim-s19-2025,berita/sebut-harga,290,356
post,22303,cadangan-kerja-kerja-menaiktaraf-jeti-pendaratan-ikan-serta-kerja-kerja-lain-yang-berkaitan-di-sungai-chenaam-nibong-tebal-pulau-pinang-lkim-s11-2025,berita/sebut-harga,291,329
post,22284,sebutharga-lkim-pulau-pinang-sebutharga-cadangan-kerjakerja-menaiktaraf-pasar-nelayan-sungai-tembus-serta-kerja-kerja-berkaitan-di-sungai-tembus-seberang-perai-utara-pulau-pinang-lkimps05-2025,berita/sebut-harga,292,339
post,22277,kenyataan-tawaran-pelawaan-pembangunan-projek-teknologi-hijau-solar-photovoltaic-pv-di-bangunan-lembaga-kemajuan-ikan-malaysia-lkim-lkimp-406-465-48,berita/pengumuman,293,441
post,22220,sebutharga-lkim-negeri-johorkenderaan-rasmi-pejabat-lkim-negeri-johor-nissan-x-trail-lkim-j-s2-2025-wvg-8375,berita/pengumuman,294,507
post,22201,sebut-harga-cadangan-kerjakerja-menaiktaraf-pasar-nelayan-sungai-tembus-serta-kerja-kerja-berkaitan-di-sungai-tembus-seberang-perai-utara-pulau-pinang-lkimp-s05-2025,berita/sebut-harga,295,323
post,22191,sebut-harga-lkim-bagi-perkhidmatan-penyewaan-peralatan-termasuk-pemasangan-merekabentuk-keseluruhan-hiasan-dan-kelengkapan-hub-informasi-program-mengoptimumkan-penggunaan-tanah-dengan-kerjasama-kera-2,berita/sebut-harga,296,158
post,22147,info-keselamatan-elektrik,berita/pengumuman,297,56
post,22090,kenyataan-tawaran-sebut-harga-penjualan-kenderaan-terpakai-lkims3-2025,berita/sebut-harga,298,472
post,22016,pelawaan-sebutharga-bagi-cadangan-kerja-kerja-kawalan-hakisan-dan-lain-lain-berkaitan-di-taman-akuakultur-badong-pekan-pahang,berita/sebut-harga,299,284
post,22006,pelawaan-sebutharga-bagi-cadangan-pembinaan-pencawang-elektrik-sistem-elektrik-serta-kerja-kerja-berkaitan-untuk-projek-ternakan-udang-dalam-kolam-tudk-fasa-4-sebatu-melaka,berita/sebut-harga,300,317
post,21998,sebutharga-lkim-johor-pelawaan-semula-sebut-harga-penjualan-kenderaan-rasmi-pejabat-lkim-negeri-johor-nissan-x-trail-lkim-j-s2-2025-wvg-8375,berita/pengumuman,301,656
post,21983,cadangan-kerja-kerja-pembinaan-kemudahan-jeti-pendaratan-ikan-serta-kerja-kerja-lain-yang-berkaitan-di-kampung-tanjung-aru-wilayah-persekutuan-labuan,berita/sebut-harga,302,131
post,21975,makluman-keperluan-tambahan-bagi-pengeksportan-ikan-dan-hasilan-ke-republik-turkiye,berita/berita-terkini,303,238
post,21954,sebutharga-lkim-pulau-pinang-sebut-harga-untuk-perkhidmatan-pembekalan-peralatan-program-peningkatan-produktiviti-nelayan-b40touch-point-2025-lkim-negeri-pulau-pinang-lkimp-s03-2025,berita/sebut-harga,304,309
post,21948,sebutharga-ibu-pejabat-sebut-harga-perkhidmatan-pembersihan-bangunan-dan-kawasan-bagi-tempoh-1-tahun-di-ibu-pejabat-lembaga-kemajuan-ikan-malaysia-lkims6-2025,berita/sebut-harga,305,288
post,21939,sebut-harga-membekal-dan-menghantar-bekalan-alat-tulis-komputer-kepada-lembaga-kemajuan-ikan-malaysia,berita/pengumuman,306,153
post,21927,kenyataan-tawaran-sebut-harga-penjualan-kenderaan-terpakai-lkimhs04-2025-pelawaan-semula,berita/sebut-harga,307,183
post,21853,cadangan-kerja-kerja-pembinaan-infrastruktur-jeti-serta-kerja-kerja-lain-yang-berkaitan-di-kampung-merang-setiu-terengganu,berita/sebut-harga,308,156
post,21834,cadangan-kerja-kerja-membina-menghantar-mengangkut-dan-melabuh-modul-ladang-ikan-di-laut-lidl-lkim-di-bawah-program-restorasi-sogt-serta-kerja-kerja-lain-yang-berkaitan-di-perairan-papar-sabah,berita/tender,309,139
post,21807,tawaran-bagi-sebut-harga-penjualan-kenderaan-rasmi-pejabat-lkim-nissan-x-trail-lkim-j-s2-2025-wvg-8375,berita/sebut-harga,310,513
post,21765,sebut-harga-bagi-jualan-sisa-skrap-bagi-penjualan-aset-alih-van-penerangan-bergerak-van-inokom-wky-5721,berita/sebut-harga,311,516
post,21761,iklan-tawaran-penyewaan-tanah-dan-premis-projek-akuakultur-lkim-2,berita/pengumuman,312,479
post,21748,sebutharga-penjualan-kenderaan-terpakai-lkim-sabah,berita/sebut-harga,313,159
post,21729,cadangan-kerja-kerja-membina-menghantar-mengangkut-dan-melabuh-12-unit-modul-unjam-lkim-serta-kerja-kerja-berkaitan-di-perairan-serkam-daerah-jasin-melaka,berita/sebut-harga,314,146
post,21703,tawaran-sebut-harga-bagi-penjualan-kenderaan-rasmi-pejabat-lkim-negeri-selangor-proton-waja-wnh-7907-lkimbs1-2025-pelawaan-semula,berita/sebut-harga,315,525
post,21586,lkimqsa1-2025,berita/sebut-harga,316,473
post,21580,kenyataan-tawaran-sebutharga-jualan-sisa-skrap-lkimqsa2-2025,berita/sebut-harga,317,485
post,21561,kenyataan-tawaran-sebutharga-jualan-sisa-skrap-lkimqsa1-2025,lain-lain,318,473
post,21510,the-fish-inspector-a-newsletter-on-seafood-inspection-quality-control-and-technology,berita/pengumuman,319,248
post,21487,sebutharga-lkim-selangor-sebutharga-penjualan-kenderaan-terpakai-lkim-lkimbs1-2025,berita/sebut-harga,320,643
post,21470,tender-perkhidmatan-merekabentuk-membinamenguji-dan-mentauliah-sebuah-kapal-penangkapan-ikan-jenis-pukat-jerut-zon-c2-lkimt1-2025,berita/tender,321,312
post,21445,sebutharga-lkim-terengganu-penjualan-kenderaan-terpakai-lkimts12-2024,berita/sebut-harga,322,638
post,21435,sebut-harga-bagi-membekal-membangun-menguji-dan-mentauliah-sistem-pengurusan-kontrak-bagi-kegunaan-lembaga-kemajuan-ikan-malaysia-2,berita/sebut-harga,323,328
post,21429,sebut-harga-bagi-membekal-menghantar-memasang-menguji-dan-mentauliah-bagi-menaiktaraf-rangkaian-wireless-di-ibu-pejabat-lembaga-kemajuan-ikan-malaysia,berita/sebut-harga,324,156
post,21420,sebut-harga-bagi-membekal-membangun-menguji-dan-mentauliah-sistem-pengurusan-kontrak-bagi-kegunaan-lembaga-kemajuan-ikan-malaysia,berita/sebut-harga,325,156
post,21408,pelawaan-sebut-harga-bagi-sewaan-kafeteria-di-ibu-pejabat-lembaga-kemajuan-ikan-malaysia-bagi-temp0h-1-tahun,berita/sebut-harga,326,753
post,21383,cadangan-kerja-kerja-membaikpulih-komponen-dan-bangunan-fish-protech-serta-kerja-kerja-berkaitan-di-sepang-selangor,berita/sebut-harga,327,156
post,21377,lkims30-2024,berita/sebut-harga,328,156
post,21364,lkims23-2024,berita/sebut-harga,329,158
post,21309,lkims21-2024,berita/sebut-harga,330,141
post,21200,tawaran-penyewaan-tanah-dan-premis-projek-akuakultur-lkim,berita/sebut-harga,331,626
post,21287,cadangan-kerja-kerja-pembinaan-pusat-jualan-dan-kerja-kerja-kemudahan-infrastruktur-serta-kerjakerja-berkaitan-untuk-program-kampung-angkat-madani-di-kampung-salung-nabawan-sabah,berita/sebut-harga,332,196
post,21268,kenyataan-tawaran-sebutharga-penjualan-kenderaan-terpakai-lkims29-2024-pegawai-kakitangan,berita/sebut-harga,333,509
post,21253,sebut-harga-bagi-perkhidmatan-pembersihan-kawasan-dan-mencuci-kolam-renang-bagi-tempoh-1-tahun-di-pusat-latihan-lembaga-kemajuan-ikan-malaysia-lkim-camar-laut-sepang-selangor-lkims26-2024,berita/sebut-harga,334,354
post,21241,kenyataan-tawaran-sebutharga-penjualan-kenderaan-terpakai-lkimqsa2-2024van-inokom,berita/sebut-harga,335,768
post,21233,kenyataan-tawaran-sebutharga-penjualan-kenderaan-terpakai-lkimqsa2-2024-pegawai-dan-kakitangan-lkim,berita/sebut-harga,336,768
post,21211,kenyataan-tawaran-sebut-harga-penjualan-kenderaan-terpakai-lkim-c-s09-2024,berita/sebut-harga,337,766
post,21144,kenyataan-tawaran-sebutharga-penjualan-kenderaan-terpakai-lkimcs09-2024,berita/sebut-harga,338,734
post,21131,sebut-harga-bagi-cadangan-melantik-panel-untuk-perkhidmatan-agensi-pemungut-hutang-di-lembaga-kemajuan-ikan-malaysia,berita/sebut-harga,339,132
post,21126,jualankereta,berita/sebut-harga,340,538
post,21024,kerja-kerja-menaiktaraf-consumer-high-tension-cht-di-taman-pemprosesan-ikan-bersepadu-kuantan-kifpp-kuantan-lkim-s16-2024,berita/sebut-harga,341,150
post,21020,cadangan-bagi-menaiktaraf-sistem-elektrik-serta-kerja-berkaitan-bagi-kontena-sejuk-beku-refrigerated-container-untuk-lkim-di-bawah-program-pengukuhan-keterjaminan-makanan-pengukuhan-pasaran,berita/sebut-harga,342,458
post,21007,senarai-penyebutharga-berjaya-sehingga-ogos-2024,berita/sebut-harga,343,235
post,21000,lkimds092024,berita/sebut-harga,344,134
post,20694,sebut-harga-bagi-merekabentuk-memasang-menguji-menyelenggara-dan-membuka-semula-permainan-virtual-reality-vr-sempena-pameran-pertanian-hortikultur-dan-agro-pelancongan-malaysia-maha-tahun-2024,berita/sebut-harga,345,411
post,20691,tender-membekal-menghantar-memasang-dan-menguji-204-unit-komputer-desktop-18-unit-pencetak-dan-18-unit-microsoft-office-bagi-kegunaan-lembaga-kemajuan-ikan-malaysia-lkimt3-2024,berita/tender,346,349
post,20688,tender-cadangan-perkhidmatan-sewaan-mesin-penyalin-digital-untuk-tempoh-tiga-3-tahun-di-ibu-pejabat-lembaga-kemajuan-ikan-malaysia-lkimt2-2024,berita/tender,347,311
post,20685,sebut-harga-bagi-membekal-membangun-menguji-dan-mentauliah-sistem-pembelian-minyak-bersubsidi-nelayan-lembaga-kemajuan-ikan-malaysia-lkims15-2024-tarikh-tutup-26-ogos-2024,berita/sebut-harga,348,372
post,20677,kenyataan-tawaran-sebut-harga-penjualan-kenderaan-terpakai-lkim-r-s04-2024-pelawaan-semula,berita/sebut-harga,349,637
post,20665,tawaran-bagi-sebut-harga-penjualan-kenderaan-rasmi-pejabat-lkim-negeri-perlis-nissan-x-trail-wvg-8452-lkimrs04-2024-pelawaan-semula,berita/pengumuman,350,312
post,20655,cadangan-kerja-menaiktaraf-auditorium-serta-kerja-kerja-berkaitan-di-ibu-pejabat-lembaga-kemajuan-ikan-malaysia-lkims18-2024,berita/sebut-harga,351,309
post,20648,cadangan-menaiktaraf-sistem-elektrik-untuk-floating-market-lkim-serta-kerja-kerja-berkaitan-di-tapak-pameran-maeps-serdang-selangor,berita/sebut-harga,352,281
post,20645,cadangan-kerja-kerja-pembinaan-floating-market-lkim-serta-kerja-kerja-berkaitan-di-tapak-pemeran-maeps-serdang-selangor,berita/sebut-harga,353,245
post,20642,membekal-dan-memasang-pelantar-terapung-bagi-cadangan-kerja-kerja-floating-market-lkim-serta-kerja-kerja-berkaitan-di-tapak-pameran-maeps-serdang-selangor,berita/sebut-harga,354,203
post,20638,cadangan-bagi-menaiktaraf-sistem-elektrik-serta-kerja-berkaitan-bagi-kontena-sejuk-beku-refrigerated-container-untuk-lkim-di-bawah-program-pengukuhan-keterjaminan-makanan-pengukuhan-pasaran-lkim,berita/sebut-harga,355,433
post,20635,sebut-harga-bagi-membekal-dan-menghantar-bekalan-alat-tulis-komputer-kepada-lembaga-kemajuan-ikan-malaysia-pelawaan-semula-lkims6-2024,berita/sebut-harga,356,334
post,20632,sebut-harga-membekal-menghantar-memasang-dan-menguji-perisian-autocad-perisian-sketchup-komputer-desktop-dan-pencetak-untuk-penolong-jurutera-lkim-pelawaan-semula-lkims3-2024,berita/sebut-harga,357,376
post,20630,program-agropreneur-muda,berita/pengumuman,358,194
post,20601,sebut-harga-bagi-perkhidmatan-penyelenggaraan-sistem-mylesen-lkim-lkims14-2024,berita/sebut-harga,359,218
post,20596,jawatan-kosong,arkib/arkib-pengumuman,360,417
post,20590,membekal-menghantar-dan-mengujiterima-satu-1-unit-kontena-sejuk-beku-refrigerated-container-untuk-lkim-di-bawah-program-pengukuhan-keterjaminan-makanan-pengukuhan-pasaran-lkims12-2024,berita/sebut-harga,361,391
post,20557,sebut-harga-bagi-perkhidmatan-penyelenggaraan-tahunan-untuk-tiga-3-unit-chiller-dan-empat-4-buah-cooling-tower-untuk-sistem-penghawa-dingin-berpusat-serta-kerja-kerja-berkaitan-di-bangunan-wisma-l,berita/sebut-harga,898,212
post,20533,sebut-harga-bagi-membekal-dan-menghantar-bekalan-alat-tulis-komputer-kepada-lembaga-kemajuan-ikan-malaysia-lkims6-2024,berita/sebut-harga,362,311
post,20528,kenyataan-tawaran-sebut-harga-penjualan-kenderaan-terpakai-lkim-r-s04-2024,berita/sebut-harga,363,631
post,20404,cadangan-kerja-kerja-pembinaan-kemudahan-infrastruktur-jeti-pendaratan-ikan-serta-kerja-kerja-yang-berkaitan-di-kampung-pantai-tin-perak-lkims11-2024,berita/sebut-harga,364,367
post,20401,cadangan-kerja-kerja-peningkatan-dan-menaiktaraf-kemudahan-jeti-pendaratan-ikan-serta-kerja-kerja-berkaitan-di-jeti-lkim-kampung-baru-nelayan-sungai-besar-selangor-lkims10-2024,berita/sebut-harga,365,396
post,20398,cadangan-kerja-kerja-menaiktaraf-nelayan-outlet-serta-kerja-kerja-berkaitan-di-jalan-desaria-pulau-meranti-selangor-lkims9-2024,berita/sebut-harga,366,345
post,20394,cadangan-kerja-kerja-menaiktaraf-kemudahan-infrastruktur-jeti-pendaratan-ikan-serta-kerja-kerja-yang-berkaitan-di-jeti-pengkalan-nelayan-sungai-pulai-johor-lkims7-2024,berita/sebut-harga,367,384
post,20391,cadangan-kerja-kerja-pembinaan-kemudahan-infrastruktur-jeti-pendaratan-ikan-serta-kerja-kerja-berkaitan-di-kampung-benting-lentang-terengganu-lkim-s4-2024,berita/sebut-harga,368,370
post,20351,jadual-harga-tawaran-cadangan-perkhidmatan-sewaan-mesin-penyalin-digital-bagi-tempoh-tiga-tahun-di-ibu-pejabat-lkim-lkimt2-2024,berita/pengumuman,369,330
post,20322,banci-pertanian-2024,lain-lain,370,534
post,20260,kenyataan-tawaran-sebut-harga-penjualan-kenderaan-terpakai-lkims2-2024-pelawaan-semula,berita/sebut-harga,371,459
post,20232,sebut-harga-membekal-menghantar-memasang-dan-menguji-perisian-autocad-perisian-sketchup-komputer-desktop-dan-pencetak-untuk-penolong-jurutera-lkim,berita/sebut-harga,372,131
post,20205,sebut-harga-bagi-membekal-menghantar-memasang-menguji-dan-mentauliah-sistem-ekedatangan-bagi-kegunaan-lembaga-kemajuan-ikan-malaysia-pelawaan-semula-lkims5-2024,berita/sebut-harga,373,360
post,20195,kenyataan-tawaran-sebutharga-penjualan-kenderaan-terpakai-lkimks1-2024,berita/sebut-harga,374,785
post,20192,cadangan-perkhidmatan-sewaan-mesin-penyalin-digital-bagi-tempoh-tiga-3-tahun-di-ibu-pejabat-lembaga-kemajuan-ikan-malaysia-lkimt2-2024,berita/tender,375,317
post,20146,kenyataan-tawaran-sebut-harga-penjualan-kenderaan-terpakai-lkim-j-s1-2024,berita/tender,376,680
post,20095,cadangan-pembekalan-dan-penghantaran-peralatan-akuakultur-bagi-projek-ternakan-udang-dalam-kolam-tudk-di-taman-akuakultur-badong-pahang-lkim-t1-2024,berita/tender,377,362
post,20037,makluman-tender-lkim-2023,berita/tender,378,625
post,19985,sebut-harga-perkhidmatan-pembersihan-bangunan-dan-kawasan-bagi-tempoh-1-tahun-di-ibu-pejabat-lembaga-kemajuan-ikan-malaysia-3,berita/sebut-harga,379,319
post,19955,cadangan-kerja-kerja-menaiktaraf-nelayan-outlet-serta-kerja-kerja-berkaitan-di-jalan-desaria-pulau-meranti-selangor,berita/sebut-harga,380,142
post,19946,cadangan-kerja-kerja-menaiktaraf-dan-peningkatan-kemudahan-jeti-pendaratan-ikan-serta-kerja-kerja-berkaitan-di-jeti-nelayan-kuala-bekah-pulau-pinang,berita/sebut-harga,381,142
post,19913,tawaran-penyewaan-pusat-pemprosesan-taman-pemprosesan-ikan-bersepadu-kuantan,berita/pengumuman,382,269
post,19908,tawaran-penyewaan-pusat-pemprosesan-taman-pemprosesan-ikan-endau-mersing,berita/pengumuman,383,265
post,19885,sebut-harga-membekal-menghantar-memasang-menguji-dan-mentauliah-komputer-riba-untuk-kegunaan-pemantauan-sistem-e-pengisytiharan-lembaga-kemajuan-ikan-malaysia,berita/sebut-harga,384,132
post,19879,sebut-harga-bagi-perkhidmatan-pembaharuan-lesen-tahunan-dan-penyelenggaraan-perisian-zmanda-bagi-tempoh-3-tahun-untuk-kegunaan-sistem-backup-dan-replication-di-pusat-data-lembaga-kemajuan-ikan-malaysi,berita/sebut-harga,385,132
post,19767,sebut-harga-bagi-penambahbaikan-sistem-e-pengisytiharan-dan-aplikasi-myisytihar-lembaga-kemajuan-ikan-malaysia-lkims21-2023,berita/sebut-harga,386,293
post,19601,sebut-harga-bagi-membekal-dan-mengedar-buku-harian-rasmi-diari-lkim-untuk-tahun-2024-serta-lain-lain-kerja-yang-berkaitan-untuk-lembaga-kemajuan-ikan-malaysia-lkims19-2023,berita/sebut-harga,387,374
post,19590,sebut-harga-bagi-membekal-dan-mengedar-buku-harian-rasmi-diari-lkim-untuk-tahun-2024-serta-lain-lain-kerja-yang-berkaitan-untuk-lembaga-kemajuan-ikan-malaysia,lain-lain,388,115
post,19547,jadual-harga-tawaran-tender-lkim-t2-2023,berita/tender,389,218
post,19473,sebut-harga-bagi-membekal-menghantar-memasang-menguji-dan-mentauliah-sistem-ekedatangan-bagi-kegunaan-lembaga-kemajuan-ikan-malaysia-lkims24-2023,berita/sebut-harga,390,345
post,19433,lkims22-2023,berita/sebut-harga,391,242
post,19430,lkims18-2023,berita/sebut-harga,392,242
post,19350,lkims202023-2,berita/sebut-harga,393,296
post,19327,lkimt3_2023,berita/tender,394,243
post,19319,lkims162023-2,berita/sebut-harga,395,266
post,19299,sebut-harga-pengendalian-kafeteria-di-ibu-pejabat-lembaga-kemajuan-ikan-malaysia-lkim-tahun-2023-2024-lkims17-2023-2,berita/sebut-harga,396,244
post,19274,lkimt2-2023,berita/tender,397,230
post,19263,senarai-pembekal-berjaya,berita/pengumuman,398,298
post,19258,cadangan-kerja-kerja-menaiktaraf-jeti-pendaratan-ikan-serta-kerja-kerja-berkaitan-di-pengkalan-sungai-rambai-chuah-negeri-sembilan-lkims13-2023-2,berita/sebut-harga,399,262
post,19255,cadangan-kajian-geoteknikal-di-taman-pemperosesan-ikan-bersepadu-kifpp-kuantan-pahang-lkims15-2023-2,berita/sebut-harga,400,280
post,19140,sebut-harga-membekal-menghantar-dan-menguji-bagi-perolehan-60-unit-peranti-bimbit-pda-st5ex-untuk-kegunaan-jualan-diesel-petrol-subsidi-nelayan-sistem-e-nelayan-lembaga-kemajuan-ikan-malaysia,berita/sebut-harga,401,132
post,18898,cadangan-kerja-kerja-menaiktaraf-dan-peningkatan-kemudahan-jeti-pendaratan-ikan-di-jeti-kampung-tandiap-perlis,berita/sebut-harga,402,146
post,18892,cadangan-kerja-kerja-menaiktaraf-dan-peningkatan-kemudahan-jeti-pendaratan-ikan-di-jeti-sungai-koris-johor,berita/sebut-harga,403,141
post,18883,cadangan-menyiapkan-kerja-terbengkalai-bagi-cadangan-kerja-kerja-naik-taraf-dan-pembaikan-infrastruktur-kompleks-serta-kerja-kerja-berkaitan-di-pelabuhan-perikanan-lkim-tok-bali-pasir-puteh-kelantan-2,berita/sebut-harga,404,141
post,18810,tender-membekal-dan-menghantar-bekalan-makanan-ikan-kepada-pengusaha-akuakultur-di-negeri-johor-lkim-t1-dof-2023,berita/tender,405,266
post,18801,sebut-harga-bagi-perkhidmatan-penyewaan-mesin-penapis-air-untuk-tempoh-tiga-3-tahun-di-lembaga-kemajuan-ikan-malaysia,berita/sebut-harga,406,132
post,18743,kenyataan-tawaran-sebut-harga-penjualan-kenderaan-terpakai-lkims8-2023-2,berita/sebut-harga,407,256
post,18740,kenyataan-tawaran-sebut-harga-penjualan-kenderaan-terpakai-lkims8-2023-1,berita/sebut-harga,408,244
post,18717,cadangan-menyiapkan-kerja-terbengkalai-bagi-cadangan-kerja-kerja-naik-taraf-dan-pembaikan-infrastruktur-kompleks-serta-kerja-kerja-berkaitan-di-pelabuhan-perikanan-lkim-tok-bali-pasir-puteh-kelantan,berita/sebut-harga,409,423
post,18714,cadangan-kerja-kerja-menaiktaraf-dan-peningkatan-kemudahan-jeti-pendaratan-ikan-di-bawah-rolling-plan-3-tahun-2023-rancangan-malaysia-ke-12-rp3-2023-rmk-12-di-jeti-lkim-kerteh-terengganu-lkim-s6,berita/sebut-harga,410,413
post,18710,cadangan-kerja-kerja-menaiktaraf-dan-peningkatan-kemudahan-jeti-pendaratan-ikan-di-bawah-rolling-plan-3-tahun-2023-rancangan-malaysia-ke-12-rp3-2023-rmk-12-di-kampung-seberang-kastam-terengganu-lk,berita/sebut-harga,411,420
post,18525,sebut-harga-bagi-membekal-membangun-menguji-dan-mentauliah-sistem-epengambilan-bagi-kegunaan-lembaga-kemajuan-ikan-malaysia,berita/sebut-harga,412,333
post,18435,bantuan-khas-kewangan-aidilfitri-tahun-2023-kepada-pesawah-dan-nelayan,arkib/arkib-pengumuman,413,264
post,18423,sebut-harga-bagi-perkhidmatan-penyelenggaraan-sistem-mylesen-lkim-lkim-s3-2023,berita/sebut-harga,414,276
post,18327,kenyataan-tawaran-sebut-harga-penjualan-kenderaan-terpakai-lkims4-2023,berita/sebut-harga,415,601
post,18182,sebut-harga-bagi-membekal-dan-menghantar-bekalan-alat-tulis-komputer-kepada-lembaga-kemajuan-ikan-malaysia,berita/sebut-harga,416,299
post,17908,peperiksaan-lkim,berita/pengumuman,417,2223
post,17315,tender-perkhidmatan-penyelenggaraan-sistem-e-nelayan-dan-sistem-e-pengisytiharan-lkim-untuk-tempoh-tiga-3-tahun-lkimt1-2023,berita/tender,418,342
post,17020,sebut-harga-bagi-perkhidmatan-membekal-menghantar-memasang-dan-mentauliah-komputer-android-tv-dan-kerja-kerja-membangunkan-sistem-rangkaian-untuk-kegunaan-makmal-komputer-lembaga-kemajuan-ikan-mala,berita/sebut-harga,419,430
post,17003,sebut-harga-perkhidmatan-pembersihan-bangunan-dan-kawasan-bagi-tempoh-1-tahun-di-ibu-pejabat-lembaga-kemajuan-ikan-malaysia,berita/sebut-harga,420,349
post,16882,cadangan-pindaan-kaedah-kaedah-lembaga-kemajuan-ikan-malaysia-kompleks-perikanan-labuhan-perikanan-dan-jeti-pendaratan-ikan-2010,berita/pengumuman,421,1329
post,16710,tender-membekal-menghantar-memasang-menguji-dan-mentauliah-bagi-kerja-kerja-menaiktaraf-floor-switch-dan-precision-aircond-data-centre-serta-kerja-kerja-berkaitan-di-lkim-lkimt10-2022,berita/tender,422,422
post,16361,kenyataan-tawaran-sebut-harga-penjualan-kenderaan-terpakai-lkims32-2022-1,berita/sebut-harga,423,625
post,16355,kenyataan-tawaran-sebut-harga-penjualan-kenderaan-terpakai-lkims32-2022-2,berita/sebut-harga,424,602
post,16350,kenyataan-tawaran-sebut-harga-penjualan-kenderaan-terpakai-lkims32-2022-3,berita/sebut-harga,425,604
post,16347,sebut-harga-bagi-perkhidmatan-membekal-dan-menghantar-peralatan-keselamatan-nelayan-di-bawah-program-mafi-prihatin-2022,berita/sebut-harga,426,345
post,16316,sebut-harga-bagi-membekal-membangun-menguji-dan-mentauliah-sistem-epengambilan-bagi-kegunaan-lembaga-kemajuan-ikan-malaysia-lkims33-2022-2,berita/sebut-harga,427,277
post,16307,perkhidmatan-penyelenggaraan-sistem-w-iccs-lkim-lkims30-2022,berita/sebut-harga,428,273
post,16286,cadangan-kerja-kerja-peningkatan-serta-kerja-kerja-berkaitan-di-bangunan-laman-changkat-jering-taiping-perak,berita/tender,429,314
post,16261,sebut-harga-bagi-membekal-membangun-menguji-dan-mentauliah-sistem-mypsm-bagi-kegunaan-lembaga-kemajuan-ikan-malaysia-pelawaan-semula,berita/sebut-harga,430,359
post,16223,pertandingan-video-pendek,arkib/arkib-pengumuman,431,1124
post,16183,sebut-harga-membekal-dan-menghantar-1-unit-bot-fibreglass-beserta-1-unit-enjin-outboard-4-stroke-115hp-di-bawah-program-tanggungjawab-sosial-korporat-csr-untuk-balai-polis-pasir-hitam-taiping-per,berita/sebut-harga,432,425
post,16180,sebut-harga-bagi-perkhidmatan-penyelenggaraan-tahunan-untuk-4-unit-chiller-dan-4-buah-cooling-tower-untuk-sistem-penghawa-dingin-berpusat-serta-kerja-kerja-berkaitan-di-bangunan-wisma-lkim-pulau,berita/sebut-harga,433,454
post,16101,sebut-harga-bagi-perkhidmatan-pengendalian-kafeteria-di-ibu-pejabat-lkim-bagi-tempoh-satu-1-tahun,berita/sebut-harga,434,322
post,16108,sebut-harga-bagi-perkhidmatan-pembaharuan-lesen-perisian-zmanda-bagi-sistem-centralize-backup-dan-replication-di-pusat-data-lkim,berita/sebut-harga,435,356
post,16013,sebut-harga-bagi-perkhidmatan-penyelenggaraan-dan-khidmat-sokongan-peralatan-ict-pusat-data-data-center-ibu-pejabat-lembaga-kemajuan-ikan-malaysia-lkims26-2022-2,berita/sebut-harga,436,391
post,15999,sebut-harga-bagi-membekal-dan-mengedar-buku-harian-rasmi-diari-lkim-untuk-tahun-2023-serta-lain-lain-kerja-berkaitan-untuk-lembaga-kemajuan-ikan-malaysia,berita/pengumuman,437,380
post,15952,sebut-harga-bagi-membekal-dan-mengedar-buku-harian-rasmi-diari-lkim-untuk-tahun-2023-serta-lain-lain-kerja-berkaitan-untuk-lembaga-kemajuan-ikan-malaysia-lkims23-2022,berita/sebut-harga,438,394
post,15926,sebut-harga-bagi-kerja-kerja-merekabentuk-mencetak-dan-mengedar-kalendar-meja-korporat-untuk-tahun-2023-serta-lain-lain-kerja-berkaitan-untuk-lembaga-kemajuan-ikan-malaysia-lkimsb5-2022,berita/sebut-harga,439,412
post,15910,sebut-harga-bagi-membekal-dan-menghantar-perisian-antivirus-lesen-tahunan-untuk-kegunaan-lembaga-kemajuan-ikan-malaysia-lkims22-2022,berita/sebut-harga,440,367
post,15867,perkhidmatan-membekal-menghantar-dan-memasang-tiga-3-unit-jentera-penarik-perahu-winch-machine-di-pangkalan-nelayan-pantai-rombang-melaka-lkimm-s14-2022,berita/sebut-harga,441,251
post,15856,sebut-harga-bagi-jualan-sisa-skrap-bagi-penjualan-aset-tak-alih-lkim-ibu-pejabat-komponen-bangunan-papan-tanda-logo-lkim-pagar-dawai-persempadanan-tanah-milik-lkim-pagar-besi-di-atas-tembok-batu,berita/sebut-harga,442,259
post,15838,latihan-dan-kompetensi-main,arkib/arkib-pengumuman,443,232
post,15308,jadual-tawaran-tender-cadangan-kerja-kerja-pembaikan-dan-menaiktaraf-jeti-dan-bangunan-di-kompleks-perikanan-lkim-kuala-perlis-perlis-lkim-t12-2022,berita/pengumuman,444,257
post,15298,cadangan-kerja-kerja-peningkatan-dan-naiktaraf-kemudahan-infrastruktur-di-jeti-sg-pinang-besar-pulau-pangkor-perak-lkims20-2022,berita/sebut-harga,445,247
post,14785,jadual-tawaran-tender-membekal-membeku-membungkus-menyimpan-mengedar-dan-membekal-ikan-sejuk-beku-qfish-milik-lkim-lkim-t8-2022,berita/pengumuman,446,261
post,14772,sebut-harga-bagi-membekal-memasang-dan-menguji-terima-alat-pendingin-hawa-jenis-split-unit-di-bangunan-chalet-dan-bangunan-standard-pusat-latihan-lkim-camar-laut-lkimsb4-2022-2,berita/sebut-harga,447,265
post,14738,jadual-tawaran-tender-membekal-menghantar-memasang-menguji-dan-mentauliah-menyelenggara-peralatan-ict-untuk-lkim-secara-sewaan-bagi-tempoh-4-tahun-lkim-t7-2022,berita/tender,448,228
post,14660,tender-perkhidmatan-merekabentuk-membina-menguji-dan-mentauliah-sebuah-kapal-penangkapan-ikan-jenis-pukat-jerut-ikan-zon-c2-untuk-lembaga-kemajuan-ikan-malaysia-lkimt11-2022-2,berita/tender,449,283
post,14653,sebut-harga-bagi-membekal-memasang-dan-mengujiterima-peralatan-dan-kelengkapan-sistem-kawalan-keselamatan-access-gate-di-pintu-masuk-utama-wisma-lkim-jalan-desaria-pulau-meranti-puchong-selangor,berita/sebut-harga,450,261
post,14572,sebut-harga-bagi-perkhidmatan-penyelenggaraan-sistem-edana-lkim,lain-lain,451,115
post,14566,sebut-harga-bagi-kerja-kerja-penyelenggaraan-sistem-pengurusan-aset-dan-stor-pelawaan-semula,lain-lain,452,123
post,14563,request-for-proposal-rfp-bagi-cadangan-melantik-panel-untuk-perkhidmatan-agensi-pemungut-hutang-bagi-tempoh-dua-2-tahun-di-lembaga-kemajuan-ikan-malaysia-lkimt5-2022,berita/tender,453,266
post,14560,cadangan-kerja-kerja-pembaikan-dan-menaiktaraf-jeti-dan-bangunan-di-kompleks-perikanan-lkim-kuala-perlis-lkimt12-2022,berita/tender,454,257
post,14452,penyelenggaraan-sistem-elektrik-dan-baik-pulih-pencawang-elektrik-serta-kerja-kerja-berkaitan-di-projek-ternakan-udang-dalam-kolam-tudk-kampung-fikri-setiu-terengganu-lkim-t9-2022,berita/tender,455,257
post,14438,sebut-harga-bagi-merekabentuk-membina-menghias-menyelenggara-dan-membuka-semula-malaysia-fish-exposition-myse-dan-lain-berkaitan-di-dewan-a-maeps-selangor-sempena-malaysia-agriculture-horticu,berita/sebut-harga,899,132
post,14432,sebut-harga-bagi-membekal-menyedia-dan-mengendalikan-peralatan-sistem-audio-dan-multiple-camera-production-mcp-untuk-malaysia-seafood-exposition-myse-2022-bersempena-maha-pada-4-ogos-14,berita/sebut-harga,456,132
post,14335,tender-membeli-ikan-tempatan-membeku-membungkus-menyimpan-mengedar-dan-membekal-ikan-sejuk-beku-qfish-milik-lembaga-kemajuan-ikan-malaysia-lkim-t8-2022,berita/tender,457,261
post,14332,tender-membekal-menghantar-memasang-menguji-dan-mentauliah-dan-menyelenggara-peralatan-ict-untuk-lkim-secara-sewaan-bagi-tempoh-4-tahun-lkim-t7-2022,berita/tender,458,256
post,13427,tender-membekal-menghantar-memasang-menguji-dan-mentauliah-komputer-desktop-pencetak-dan-microsoft-office-bagi-lembaga-kemajuan-ikan-malaysia-lkimt6-2022,berita/tender,459,273
post,13383,sebut-harga-bagi-perkhidmatan-sewaan-kenderaan-untuk-kegunaan-pasar-lkim-bergerak-prihatin-rakyat-plbpr-zon-timur-di-negeri-pahang-terengganu-dan-kelantan-bagi-tempoh-6-bulan-lkims14-2021,berita/sebut-harga,460,264
post,13277,sebut-harga-bagi-membekal-menghantar-dan-memperbaharui-lesen-tahunan-perisian-internet-access-management-iam-untuk-kegunaan-lembaga-kemajuan-ikan-malaysia-ibu-pejabat-lkim-negeri-perlis-kedah-p,berita/sebut-harga,900,261
post,13273,sebut-harga-bagi-membekal-dan-menghantar-tablet-untuk-kegunaan-lembaga-kemajuan-ikan-malaysia-lkims12-2022,berita/sebut-harga,461,261
post,12743,tender-bagi-melantik-panel-untuk-perkhidmatan-agensi-pemungut-hutang-bagi-tempoh-satu-1-tahun-di-lembaga-kemajuan-ikan-malaysia-lkimt5-2022,berita/tender,462,254
post,12215,pembinaan-hub-pengumpulan-pemprosesan-penyimpanan-pengedaran-ikan-wilayah-timur-kuantan-integrated-fish-processing-park-kiff-kuantan-pahang-lkimt2-2022,berita/tender,463,275
post,12200,cadangan-pemasangan-2-unit-motor-dan-1-unit-submersible-pump-di-rumah-pam-di-bawah-package-1-earthworks-and-infrastructure-ecerdc-di-pelabuhan-perikanan-lkim-tok-bali-pasir-puteh-kelant,berita/sebut-harga,464,359
post,12197,cadangan-kerja-kerja-peningkatan-serta-kerja-kerja-berkaitan-di-bangunan-laman-changkat-jering-taiping-perak-lkimt3-2022,berita/tender,465,288
post,11841,pelawaan-mengemukakan-cadangan-sebagai-pengendali-pasar-lkim-bergerak-prihatin-rakyat-plbpr-di-beluran-sabah-2,berita/pengumuman,466,539
post,11831,sebut-harga-bagi-perolehan-tiga-3-unit-server-untuk-sistem-saga-lkim-lkims8-2022,berita/sebut-harga,467,269
post,11828,sebut-harga-bagi-penambahbaikan-sistem-pendaftaran-dan-pelaksanaan-perumahan-nelayan-sp3n-lkim-lkims6-2022,berita/sebut-harga,468,266
post,11819,sebut-harga-penjualan-kenderaan-terpakai-lkims1-2022-pelawaan-semula,berita/sebut-harga,469,656
post,11747,sebut-harga-bagi-perkhidmatan-penyelenggaraan-sistem-mylesen-lkim,berita/sebut-harga,470,243
post,11332,cadangan-pemasangan-dan-penyelengaraan-2-unit-motor-dan-1-unit-submersible-pump-di-rumah-pam-serta-kerja-kerja-berkaitan-di-pelabuhan-perikanan-lkim-tok-bali-pasir-puteh-kelantan,berita/sebut-harga,471,270
post,11328,sebut-harga-bagi-perkhidmatan-sewaan-kenderaan-untuk-kegunaan-pasar-lkim-bergerak-prihatin-rakyat-plbpr-di-beluran-sabah-bagi-tempoh-6-bulan,arkib/arkib-sebut-harga,472,229
post,11323,sebut-harga-bagi-membekal-menghantar-dan-memperbaharui-lesen-tahunan-perisian-internet-access-management-iam-untuk-kegunaan-lembaga-kemajuan-ikan-malaysia-negeri-selangor-kelantan-melaka-sabah-2,arkib/arkib-sebut-harga,473,236
post,11320,sebut-harga-bagi-kerja-kerja-penyelenggaraan-sistem-goe-edgms-lkim-lkimsb1-2022,arkib/arkib-sebut-harga,474,236
post,11269,sebut-harga-bagi-kerja-kerja-penyelenggaraan-sistem-goe-edgms-lkim-lkimsb9-2021,arkib/arkib-sebut-harga,475,252
post,11245,pelawaan-mengemukakan-cadangan-sebagai-pengendali-pasar-lkim-bergerak-prihatin-rakyat-plbpr-di-beluran-sabah,berita/pengumuman,476,201
post,11238,cadangan-kerja-kerja-pembinaan-pagar-bagi-pecahan-tiga-3-plot-tanah-milik-lkim-pn-86870-lot-12411-mukim-bagan-lalang-daerah-sepang-selangor-lkims31-2021,arkib/arkib-sebut-harga,477,275
post,11221,s362021,arkib/arkib-sebut-harga,478,272
post,11217,sebut-harga-bagi-kerja-kerja-membekal-menghantar-dan-memasang-peralatan-video-conference-di-ibu-pejabat-lembaga-kemajuan-ikan-malaysia-lkims29-2021,arkib/arkib-sebut-harga,479,252
post,11202,sebut-harga-bagi-membekal-menghantar-dan-memperbaharui-lesen-tahunan-perisian-internet-access-management-iam-untuk-kegunaan-lembaga-kemajuan-ikan-malaysia-negeri-selangor-kelantan-melaka-sabah,arkib/arkib-sebut-harga,480,252
post,11198,sebut-harga-bagi-penyelenggaraan-sistem-w-iccs-lkim-lkims35-2021,berita/sebut-harga,481,248
post,11180,sebut-harga-bagi-perkhidmatan-penyelenggaraan-dan-khidmat-sokongan-peralatan-ict-pusat-data-data-center-ibu-pejabat-lembaga-kemajuan-ikan-malaysia-bagi-tempoh-satu-1-tahun-lkims30-2021,arkib/arkib-sebut-harga,482,300
post,11170,makluman-pengambilan-lantikan-baru-lembaga-kemajuan-ikan-malaysia-tahun-2021-jawatan-kosong,arkib/arkib-pengumuman,483,393
post,11162,tender-membekal-menghantar-memasang-menguji-dan-mentauliah-bagi-kerja-kerja-menaiktaraf-peralatan-coreswitch-dan-firewall-serta-kerja-kerja-berkaitan-di-pusat-data-ibu-pejabat-lembaga-kemajuan-ikan,arkib/arkib-pengumuman,484,291
post,11157,sebut-harga-bagi-mencetak-dan-mengedar-kalendar-meja-korporat-lkim-untuk-tahun-2022-serta-lain-lain-kerja-yang-berkaitan-untuk-lembaga-kemajuan-ikan-malaysia,arkib/arkib-sebut-harga,485,228
post,11133,sebut-harga-bagi-perkhidmatan-penyelenggaraan-empat-4-buah-chiller-dan-empat-4-buah-cooling-tower-untuk-sistem-penghawa-dingin-berpusat-serta-kerja-kerja-berkaitan-di-bangunan-wisma-lembaga-kemaju-2,arkib/arkib-sebut-harga,901,297
post,11097,penutupan-kompleks-pendaratan-ikan-lkim-kerana-penularan-jangkitan-wabak-covid-19,arkib/arkib-berita,486,1144
post,11082,sebut-harga-bagi-penambahbaikan-sistem-e-pengisytiharan-dan-pembangunan-aplikasi-mobile-pengisytiharan-pendaratan-ikan-lkim-self-declaration-lkims27-2021,arkib/arkib-sebut-harga,487,252
post,11057,sebut-harga-bagi-perkhidmatan-pembersihan-kawasan-tanah-milik-lkim-di-pulau-meranti-puchong-selangor-lkims26-2021,berita/sebut-harga,488,242
post,11054,sebut-harga-bagi-kerja-kerja-membekal-dan-mengedar-buku-harian-rasmi-diari-lkim-untuk-tahun-2022-serta-lain-lain-kerja-yang-berkaitan-lkims25-2021,berita/sebut-harga,489,242
post,11051,sebut-harga-bagi-cadangan-kerja-kerja-membekal-memasang-mengujiterima-dan-waranti-peralatan-tambahan-bagi-projek-pemasaran-ikan-segar-beku-qfish-kepada-persatuan-nelayan-kebangsaan-nekmat-lkims,berita/sebut-harga,490,266
post,11048,cadangan-kerja-kerja-peningkatan-pasar-nelayan-serta-kerja-kerja-berkaitan-di-kampung-pasir-putih-putatan-sabah-lkim-s15-2021,berita/sebut-harga,491,249
post,11019,sebut-harga-bagi-perkhidmatan-pengendalian-kafeteria-di-ibu-pejabat-lkim-bagi-tempoh-satu-1-tahun-lkims23-2021,berita/sebut-harga,492,245
post,11002,sebutharga-untuk-cadangan-kerja-kerja-menaiktaraf-pagar-kompleks-serta-kerja-kerja-berkaitan-di-kompleks-lkim-batu-maung-pulau-pinang-lkimps09-2021,berita/sebut-harga,493,237
post,10807,membekal-menghantar-pakaian-seragam-kain-ela-dan-aksesori-tambahan-bagi-pengawal-keselamatan-pemandu-kenderaan-serta-pembantu-operasi-di-ibu-pejabat-lkim-lkim-seluruh-negeri-lkimsb4-2021-2,berita/sebut-harga,494,227
post,10802,sebutharga-untuk-cadangan-kerja-kerja-membina-dan-menyiapkan-jeti-sungai-belanak-serta-kerja-kerja-berkaitan-di-kampung-bukit-kecil-seberang-perai-tengah-pulau-pinangpanggilan-semula-2,berita/sebut-harga,495,254
post,10789,sebut-harga-bagi-cadangan-kerja-kerja-membekal-memasang-mengujiterima-dan-waranti-peralatan-tambahan-bagi-projek-pemasaran-ikan-segar-beku-qfish-kepada-persatuan-nelayan-kebangsaan-nekmat-lkims24,berita/sebut-harga,496,223
post,10679,sebut-harga-bagi-perkhidmatan-pembaharuan-lesen-perisian-zmanda-bagi-sistem-centralize-backup-dan-replication-di-pusat-data-lembaga-kemajuan-ikan-malaysia-lkims22-2021,berita/sebut-harga,497,239
post,10660,sebut-harga-bagi-cadangan-kerja-kerja-menaiktaraf-dari-pagar-jenis-chain-link-kepada-brc-anti-climb-serta-kerja-kerja-berkaitan-di-sebahagian-lot-123280-pulau-meranti-puchong-selangor-lkims21-2021,berita/sebut-harga,498,274
post,10610,sebut-harga-bagi-pembaharuan-lesen-perisian-microsoft-365-apps-for-enterprise-untuk-lembaga-kemajuan-ikan-lkims20-2021,berita/sebut-harga,499,252
post,10579,sebutharga-untuk-perkhidmatan-kawalan-keselamatan-tanpa-senjata-di-kompleks-pendaratan-ikan-lkim-jelutong-lebuh-sg-pinang-11600-jelutong-pulau-pinang-bagi-tempoh-10-bulan-oktober-2021-hingga-jula,berita/sebut-harga,500,237
post,10576,sebutharga-untuk-cadangan-pelaksanaan-program-modul-harga-sistem-e-pengisytiharan-risikan-harga-ikan-peringkat-pasar-borong-dan-pasar-runcit-di-negeri-pulau-pinang-bagi-tahun-2021-2022-lkimps07-2,berita/sebut-harga,501,237
post,10567,cadangan-menaiktaraf-hub-pengumpulanpemprosesanpenyimpanan-dan-pengedaran-ikan-wilayah-timur-kompleks-lkim-besut-terengganu-lkimt4-2021,berita/tender,502,236
post,10563,sebut-harga-bagi-membekal-dan-menghantar-perisian-antivirus-untuk-kegunaan-lembaga-kemajuan-ikan-malaysia-lkims16-2021,berita/sebut-harga,503,238
post,10545,pemakluman-tarikh-peperiksaan-perkhidmatan-lkim-bagi-tahun-2021,arkib/arkib-pengumuman,504,850
post,10523,sebut-harga-bagi-membekal-dan-menghantar-bekalan-alat-tulis-komputer-kepada-lembaga-kemajuan-ikan-malaysia-lkims13-2021,berita/sebut-harga,505,244
post,10499,sebut-harga-bagi-perkhidmatan-sewaan-kenderaan-untuk-kegunaan-pasar-lkim-bergerak-prihatin-rakyat-plbpr-zon-timur-di-negeri-pahang-terengganu-dan-kelantan-bagi-tempoh-6-bulan-lkims19-2021,berita/sebut-harga,506,230
post,10496,sebut-harga-bagi-perkhidmatan-sewaan-kenderaan-untuk-kegunaan-pasar-lkim-bergerak-prihatin-rakyat-plbpr-zon-selatan-di-negeri-selangor-negeri-sembilan-melaka-dan-johor-bagi-tempoh-6-bulan-lkims,berita/sebut-harga,507,230
post,10493,sebut-harga-bagi-perkhidmatan-sewaan-kenderaan-untuk-kegunaan-pasar-lkim-bergerak-prihatin-rakyat-plbpr-zon-utara-di-negeri-perlis-kedah-pulau-pinang-dan-perak-bagi-tempoh-6-bulan-lkims17-2021,berita/sebut-harga,508,227
post,10463,sebutharga-untuk-cadangan-kerja-kerja-perkhidmatan-membekal-memasang-dan-mengujicuba-peralatan-serta-kerja-kerja-berkaitan-untuk-projek-ternakan-ikan-dalam-sangkar-pnk-teluk-bahang-di-pantai-kamloon,berita/sebut-harga,902,236
post,10460,sebutharga-untuk-cadangan-kerja-kerja-perkhidmatan-pembekalan-peralatan-projek-ikan-masin-kubena-bagan-ajam-seberang-perai-utara-pulau-pinang-lkim-p-s05-2021,berita/sebut-harga,509,238
post,10457,sebutharga-untuk-perkhidmatan-pembersihan-kawasan-kompleks-lkim-serta-kerja-kerja-berkaitan-di-kompleks-pendaratan-ikan-lkim-jelutong-lebuh-sg-pinang-11600-jelutong-pulau-pinang-bagi-tempoh-8-bula,berita/sebut-harga,510,239
post,10454,sebut-harga-bagi-pembekalan-menghantar-dan-mengujiterima-peti-sejuk-beku-chest-freezer-di-bawah-program-segarmesra-kepada-persatuan-nelayan-kebangsaan-nekmat-lkims14-2021,berita/sebut-harga,511,239
post,10439,pelawaan-mengemukakan-cadangan-sebagai-pengendali-pasar-lkim-bergerak-prihatin-rakyat-plbpr,berita/pengumuman,512,420
post,10427,sebut-harga-bagi-membekal-menghantar-dan-memperbaharui-lesen-tahunan-perisian-internet-access-management-iam-untuk-kegunaan-lembaga-kemajuan-ikan-malaysia-ibu-pejabat-lkim-negeri-pulau-pinang-pah,berita/sebut-harga,903,239
post,10424,sebut-harga-bagi-perkakasan-back-up-dan-recovery-secara-on-site-bagi-sistem-aplikasi-vms-dan-sistem-sistem-dalaman-jabatan-perikanan-malaysia-lkims7-2021,berita/sebut-harga,513,239
post,10417,sebut-harga-bagi-pembekalan-menghantar-dan-mengujiterima-peti-sejuk-beku-chest-freezer-program-qfish-kepada-persatuan-nelayan-kebanggsaan-nekmat-lkims10-2021,berita/sebut-harga,514,388
post,10384,permohonan-pengesahan-dalam-aktiviti-rantaian-bekalan-dan-pemasaran-makanan-semasa-tempoh-perintah-kawalan-pergerakan,berita/pengumuman,515,409
post,10364,sop-am-pengurusan-dan-pengoperasian-kompleks-labuhan-lkim-dalam-tempoh-pelaksanaan-perintah-kawalan-pergerakan-pkp,berita/pengumuman,516,360
post,10359,pemakluman-penutupan-operasi-pusat-pengisytiharan-lkim-dalam-tempoh-pkp-fasa-1-bermula-1-jun-2021-hingga-14-jun-2021,berita/pengumuman,517,398
post,10355,kebenaran-menjalankan-aktiviti-import-eksport-kepada-pemegang-lesen-untuk-urusniaga-mengimport-mengeksport-dan-memproses-ikan-lkim-yang-telah-dan-akan-tamat-tempoh-sepanjang-perintah-kawalan-pergera,berita/pengumuman,518,461
post,10317,perkhidmatan-penyelenggaraan-sistem-e-pelesenan-lkim-lkimsb2-2021,berita/sebut-harga,519,269
post,10298,cadangan-mengganti-tangki-air-simpanan-sistem-pam-dan-kerja-berkaitan-di-perumahan-nelayan-tok-bali-pntb-pasir-puteh-kelantan-tender-lkimt2-2021,berita/tender,520,364
post,10260,sebut-harga-bagi-cadangan-membekal-menghantar-dan-waranti-peti-sejuk-beku-chest-freezer-program-qfish-ke-lembaga-kemajuan-ikan-malaysia-lkim-negeri-terengganu-lkimts03-2021,berita/sebut-harga,521,457
post,10234,sebut-harga-perkhidmatan-penyelenggaraan-sistem-dana-nelayan-e-dana-lkim-lkimsb1-2021,berita/sebut-harga,522,320
post,10225,salam-takziah,berita/pengumuman,523,747
post,10219,notis-pemberitahuan,berita/pengumuman,524,394
post,10198,sebut-harga-bagi-jualan-sisa-291-unit-aset-alih-di-kilang-keropok-moden-besut-kkmb-negeri-terengganu-dengan-harga-lantai-lkims9-2021-pelawaan-semula,berita/sebut-harga,525,322
post,10154,sebut-harga-bagi-penjualan-aset-alih-terpakai-lkims5-2021-dan-lkims6-2021,berita/sebut-harga,526,331
post,10125,sebut-harga-bagi-cadangan-kerja-kerja-baikpulih-bilik-sejuk-blast-freezer-dan-kerja-kerja-elektrik-serta-kerja-kerja-berkaitan-di-pelabuhan-perikanan-lkim-tok-bali-kelantan,berita/sebut-harga,527,235
post,10092,makluman-syarikat-yang-berjaya-dalam-sebut-harga,berita/pengumuman,528,263
post,10088,sebutharga-bagi-perolehan-dua-2-unit-server-bagi-sistem-e-dana-lkim-lkims3-2021,berita/sebut-harga,529,265
post,10084,sebut-harga-bagi-cadangan-menaiktaraf-serta-pembaikan-kompleks-bilik-sejuk-persatuan-nelayan-kebangsaan-nekmat-serta-kerja-kerja-berkaitan-di-taman-wahyu-kuala-lumpur-lkims1-2021,berita/sebut-harga,530,241
post,10072,cadangan-kerja-kerja-naiktaraf-dan-pembaikan-laluan-titi-kayu-serta-kerja-kerja-berkaitan-di-kg-keniogan-beluran-sandakan-lkimt1-2021-pelawaan-semula,berita/tender,531,402
post,10042,sebut-harga-bagi-cadangan-kerja-kerja-membekal-memasang-dan-mengujiterima-sistem-penyejukan-dewan-serbaguna-serta-kerja-kerja-berkaitan-di-pelabuhan-lkim-kuala-kedah-kedah-darul-aman-lkims2-2021,berita/sebut-harga,532,415
post,10013,sebut-harga-bagi-kerja-kerja-membekal-menghantar-dan-memasang-cisco-wireless-lan-controller-di-pusat-data-ibu-pejabat-lembaga-kemajuan-ikan-malaysia-lkims44-2020,berita/sebut-harga,533,392
post,10000,sebutharga-untuk-perkhidmatan-kawalan-keselamatan-tanpa-senjata-di-kompleks-pendaratan-ikan-lkim-jelutong-lebuh-sg-pinang-11600-jelutong-pulau-pinang-bagi-tempoh-6-bulan-februari-2021-hingga-jula,berita/sebut-harga,534,413
post,9972,tawaran-penjualan-kamera-digital-canon-lkims43-2020-1,berita/sebut-harga,535,388
post,9968,tawaran-penjualan-kamera-digital-canon-eos-650d-kit-ii-lkims45-2020,berita/sebut-harga,536,434
post,9965,sebut-harga-bagi-membekal-dan-menghantar-peralatan-alat-tulis-stor-utama-seksyen-pentadbiran-bahagian-khidmat-pengurusan-lkimsb10-2020,berita/sebut-harga,537,355
post,9961,tender-membekal-menghantar-memasang-menguji-dan-mentauliah-bagi-kerja-kerja-menaik-taraf-sistem-telefon-voip-serta-kerja-kerja-berkaitan-di-ibupejabat-lembaga-kemajuan-ikan-malaysia-lkimt5-202,berita/tender,538,415
post,9957,sebut-harga-bagi-cadangan-menaiktaraf-serta-pembaikan-kompleks-bilik-sejuk-persatuan-nelayan-kebangsaan-nekmat-serta-kerja-kerja-berkaitan-di-taman-wahyu-kuala-lumpur-lkims41-2020,berita/sebut-harga,539,398
post,9951,jadual-tawaran-t62020,berita/tender,540,337
post,9948,sebut-harga-bagi-penggantian-sistem-pengurusan-pelaporan-kewangan-untuk-kegunaan-lkim-lkims34-2020,berita/sebut-harga,541,313
post,9945,sebut-harga-lkim-sb92020,berita/sebut-harga,542,297
post,9942,sebut-harga-sb82020,berita/sebut-harga,543,293
post,9916,sebut-harga-bagi-jualan-sisa-skrap-bagi-penjualan-sebanyak-sepuluh-10-unit-aset-alih-di-ibupejabat-lkim-dengan-harga-lantai-lkims43-2020,berita/sebut-harga,544,480
post,9911,sebut-harga-bagi-jualan-sisa-skrap-bagi-penjualan-sebanyak-dua-ratus-empat-puluh-empat-244-unit-aset-alih-di-ibupejabat-lkim-tanpa-harga-lantai-lkims38-2020,berita/sebut-harga,545,482
post,9908,sebut-harga-bagi-cadangan-kerja-kerja-penyelenggaraan-pagar-dan-pintu-pagar-serta-kerja-kerja-berkaitan-di-wisma-lkim-jalan-desaria-pulau-meranti-puchong-selangor-lkims40-2020,berita/sebut-harga,546,399
post,9901,sebut-harga-bagi-mencetak-dan-mengedar-kalendar-meja-korporat-lkim-untuk-tahun-2021-serta-lain-lain-kerja-yang-berkaitan-untuk-lembaga-kemajuan-ikan-malaysia-lkims39-2020,berita/sebut-harga,547,389
post,9888,sebut-harga-bagi-cadangan-kerja-kerja-pembinaan-pagar-bagi-pecahan-tiga-3-plot-tanah-milik-lkim-pn-86870-lot-12411-mukim-bagan-lalang-daerah-sepang-selangor-lkims37-2020,berita/sebut-harga,548,392
post,9883,sebut-harga-bagi-kerja-kerja-siasatan-tanah-untuk-cadangan-pembangunan-fasa-ii-pelabuhan-perikanan-lkim-tg-bako-kuching-sarawak-lkims35-2020,berita/sebut-harga,549,368
post,9873,penangguhan-peperiksaan-perkhidmatan-dan-peperiksaan-peningkatan-secara-lantikan-psl-tahun-2021,arkib/arkib-pengumuman,550,218
post,9870,pemakluman-berkaitan-urusan-temuduga-lkim,arkib/arkib-pengumuman,551,280
post,9863,lkim_s36_2020,berita/sebut-harga,552,367
post,9798,sebut-harga-bagi-jualan-sisa-43-unit-aset-alih-di-kilang-keropok-moden-besut-kkmb-negeri-terengganu-tanpa-harga-lantai-lkims26-2020-pelawaan-semula,berita/sebut-harga,553,527
post,9802,sebut-harga-bagi-jualan-sisa-291-unit-aset-alih-di-kilang-keropok-moden-besut-kkmb-negeri-terengganu-dengan-harga-lantai-lkims33-2020,berita/sebut-harga,554,637
post,9807,peringatan-kepada-semua-warga-lkim,berita/pengumuman,555,170
post,9793,sebut-harga-bagi-cadangan-membina-dan-menyiapkan-setor-simpanan-tong-ikan-serta-kerja-kerja-berkaitan-di-kompleks-lkim-kuantan-pahang-lkims27-2020,berita/sebut-harga,556,368
post,9790,pelawaan-mengemukakan-cadangan-mengoperasikan-tapak-akuakultur-lembaga-kemajuan-ikan-malaysia-lkim-bukit-malut-langkawi-kedah,berita/sebut-harga,557,319
post,9782,cadangan-kerja-kerja-naiktaraf-dan-pembaikan-laluan-titi-kayu-serta-kerja-kerja-berkaitan-di-kg-keniogan-beluran-sandakan-lkim-t6-2020,berita/tender,558,661
post,9775,sebutharga-untuk-perkhidmatan-kawalan-keselamatan-tanpa-senjata-di-kompleks-pendaratan-ikan-lkim-batu-maung-11960-batu-maung-pulau-pinang-bagi-tempoh-3-bulan-disember-2020-februari-2021-lkimp,berita/sebut-harga,559,401
post,9746,sebut-harga-bagi-membekal-menghantar-dan-memperbaharui-lesen-tahunan-perisian-internet-access-management-iam-untuk-kegunaan-lembaga-kemajuan-ikan-malaysia-negeri-perlis-sabah-pulau-pinang-pahang,berita/sebut-harga,904,490
post,9729,jadual-tawaran-tender-perkhidmatan-pembersihan-bangunan-dan-kawasan-bagi-tempoh-dua-2-tahun-di-ibupejabat-lembaga-kemajuan-ikan-malaysia-lkimt4-2020,berita/tender,560,328
post,9724,jadual-tawaran-tender-perkhidmatan-sewaan-mesin-penyalin-digital-bagi-tempoh-tiga-3-tahun-di-ibu-pejabat-lembaga-kemajuan-ikan-malaysia-lkimt3-2020,berita/tender,561,370
post,9714,sebut-harga-bagi-penyelenggaraan-dan-khidmat-sokongan-peralatan-ict-pusat-data-data-center-ibu-pejabat-lembaga-kemajuan-ikan-malaysia-bagi-tempoh-satu-1-tahun-lkims32-2020,berita/sebut-harga,562,400
post,9705,sebutharga-bagi-membekal-menghantar-dan-memperbaharui-lesen-tahunan-perisian-internet-access-management-iam-untuk-kegunaan-lembaga-kemajuan-ikan-malaysia-negeri-perlis-sabah-pulau-pinang-pahang,berita/sebut-harga,563,464
post,9686,sebutharga-bagi-membekal-menghantar-memasang-mengkonfigurasi-menguji-server-dan-menaiktaraf-server-dan-menaiktaraf-sistem-aduan-bpm-dan-sistem-aduan-admin-lkims13-2020,berita/sebut-harga,564,393
post,9679,penangguhan-urusan-temuduga-lkim-tahun-2020-berikutan-pelanjutan-arahan-perintah-kawalan-pergerakan-bersyarat-pkpb-selangor-wilayah-persekutuan-kuala-lumpur-dan-wilayah-persekutuan-putrajaya,berita/pengumuman,565,341
post,9651,tawaran-bagi-sebutharga-penjualan-kenderaan-terpakai-nissan-x-trail-qmk-7960-lkims6-2020-dan-mitsubishi-pajero-wmj-6764-lkims7-2020,berita/sebut-harga,566,308
post,9416,sebutharga-bagi-membekal-dan-mengedar-buku-harian-rasmi-diari-untuk-tahun-2021-serta-lain-lain-kerja-berkaitan-untuk-lembaga-kemajuan-ikan-malaysia-lkims31-2020,berita/sebut-harga,567,386
post,9411,sebutharga-untuk-cadangan-kerja-kerja-perkhidmatan-bekalan-peralatan-peserta-projek-rezeki-tani-lkim-negeri-pulau-pinang-2020-lkimp-s16-2020,berita/sebut-harga,568,335
post,9407,tender-perkhidmatan-pembersihan-bangunan-dan-kawasan-bagi-tempoh-dua-2-tahun-di-ibu-pejabat-lembaga-kemajuan-ikan-malaysia-lkimt4-2020,berita/tender,569,356
post,9390,sebutharga-bagi-pembekalan-penggantian-perabot-dalaman-chalet-single-dan-berkembar-di-pusat-latihan-lkim-camar-laut-lkim-s30-2020,berita/sebut-harga,570,343
post,9387,sebutharga-bagi-kerja-kerja-penyelenggaraan-sistem-e-klaim-lkim-lkim-sb7-2020,berita/sebut-harga,571,293
post,9384,jadual-tawaran-tender-t2-2020-tender-pembangunan-sistem-pengurusan-kawalan-kompleks-lkim,berita/tender,572,396
post,9381,tender-perkhidmatan-sewaan-mesin-penyalin-digital-bagi-tempoh-tiga-3-tahun-di-ibu-pejabat-lembaga-kemajuan-ikan-malaysia-lkim-t3-2020,berita/tender,573,337
post,9349,jadual-peperiksaan-psl-lkim,arkib/arkib-pengumuman,574,162
post,9344,sebutharga-bagi-perolehan-dua-2-unit-server-bagi-sistem-e-dana-lkim-lkims29-2020,berita/sebut-harga,575,293
post,9207,sebutharga-bagi-perkhidmatan-membekal-serta-memasang-53-unit-led-flat-monitor-satu-unit-projektor-dan-kerja-kerja-pendawaian-audio-di-bilik-mesyuarat-tuna-lkim-lkims12-2020,berita/sebut-harga,576,374
post,9178,sebut-harga-bagi-perkhidmatan-kursus-selam-scuba-kakitangan-lkim-bagi-pasukan-penyelam-baru-lkims22-2020,arkib/arkib-sebut-harga,577,312
post,9131,tender-pembangunan-sistem-pengurusan-dan-kawalan-kompleks-lembaga-kemajuan-ikan-malaysia-lkimt2-2020,berita/tender,578,312
post,9122,sebut-harga-bagi-penjualan-barang-lusuh-aset-alih-di-kilang-moden-besut-kkmb-negeri-terengganu-lkims26-2020,arkib/arkib-sebut-harga,579,388
post,9112,sebut-harga-bagi-penyelenggaraan-sistem-w-iccs-lkim-lkims25-2020,arkib/arkib-pengumuman,580,288
post,9087,jawatan-kosong-lkim-2,arkib/arkib-pengumuman,581,376
post,9077,pelawaan-mengemukakan-cadangan-mengoperasikan-pusat-ternakan-ikan-berdensiti-tinggi-pagoh-muar-johor,arkib/arkib-pengumuman,582,268
post,8924,sebutharga-bagi-kerja-kerja-membangun-membekal-dan-menaiktaraf-sistem-pengurusan-aset-spa-sistem-pengurusan-stor-sps-dan-integrasi-antara-saga-dengan-spa-di-lkim-lkims17-2020-1-pelawaan-semu-2,lain-lain,583,323
post,9045,sebutharga-bagi-kerja-kerja-membangun-membekal-dan-menaiktaraf-sistem-pengurusan-aset-spa-sistem-pengurusan-stor-sps-dan-integrasi-antara-saga-dengan-spa-di-lkim-lkims17-2020-1-pelawaan-semu,arkib/arkib-pengumuman,584,214
post,9036,lkim-jaga-nasib-nelayan,berita/berita-terkini,585,404
post,8979,sebutharga-bagi-pembekalan-dan-pemasangan-panel-lantai-pusat-data-untuk-kegunaan-lembaga-kemajuan-ikan-malaysia-lkims11-2020,arkib/arkib-sebut-harga,586,332
post,8976,sebutharga-bagi-pengendalian-kafeteria-di-ibu-pejabat-lembaga-kemajuan-ikan-malaysia-lkims24-2020,arkib/arkib-sebut-harga,587,228
post,8973,sebutharga-bagi-membekal-menghantar-dan-memperbaharui-lesen-tahunan-perisian-internet-access-management-iam-untuk-kegunaan-lembaga-kemajuan-ikan-malaysia-ibu-pejabat-negeri-perak-kedah-johor,arkib/arkib-sebut-harga,588,237
post,8970,cadangan-kerja-kerja-peningkatan-dan-menaiktaraf-pasar-nelayan-serta-kerja-kerja-berkaitan-di-persatuan-nelayan-kawasan-melaka-barat-kuala-sungai-baru-alor-gajah-melaka,arkib/arkib-sebut-harga,589,218
post,8963,program-caruman-skim-keselamatan-sosial-pekerjaan-sendiri-sksps-bagi-nelayan-berdaftar-di-bawah-lembaga-kemajuan-ikan-malaysia,arkib/arkib-pengumuman,590,270
post,8960,sebutharga-bagi-merekabentuk-mencetak-dan-membekal-buku-laporan-tahunan-dan-penyata-kewangan-lembaga-kemajuan-ikan-malaysia-lkim-lkim-sb6-2020,arkib/arkib-sebut-harga,591,249
post,9032,kerajaan-akan-buka-semula-lesen-kelas-zon-a,berita/berita-terkini,592,354
post,8935,pelawaan-mengemukakan-cadangan-mengoperasikan-tapak-akuakultur-lembaga-kemajuan-ikan-malaysia-lot-7-taman-akuakultur-badong-pekan-pahang,arkib/arkib-sebut-harga,593,361
post,8932,sebutharga-untuk-cadangan-membekal-benih-kerang-serta-kerja-kerja-berkaitan-untuk-projek-ternakan-kerang-persatuan-nelayan-negeri-pulau-pinang-di-kuala-juru-seberang-perai-tengah-pulau-pinang-lkim,arkib/arkib-sebut-harga,594,197
post,8930,sebutharga-bagi-cadangan-membekal-dan-memasang-peralatan-pasar-nelayan-di-pasar-nelayan-lkim-pulau-meranti-puchong-selangor-pelawaan-semula-lkimsb1-2020,arkib/arkib-sebut-harga,595,320
post,8904,perkhidmatan-kawalan-keselamatan-tanpa-senjata-api-di-kompleks-perikanan-lkim-kuala-linggi-melaka-bagi-tempoh-5-bulan-ogos-2020-hingga-disember-2020,arkib/arkib-sebut-harga,596,314
post,8901,sebutharga-bagi-kerja-kerja-penerbitan-coffee-table-lkim-sempena-50-tahun-penubuhan-lkim-lkims23-2020,arkib/arkib-sebut-harga,597,317
post,8890,sebutharga-bagi-membekal-dan-menghantar-perisian-antivirus-lesen-setahun-untuk-kegunaan-lembaga-kemajuan-ikan-malaysia-lkim-s20-2020,arkib/arkib-sebut-harga,598,253
post,8887,sebutharga-bagi-perkhidmatan-membekal-dan-memasang-apc-shneider-structureware-monitoring-console-bagi-pusat-data-lembaga-kemajuan-ikan-malaysia-lkim-s10-2020,arkib/arkib-sebut-harga,599,253
post,8876,tawaran-bagi-sebutharga-penjualan-kenderaan-terpakai-bagi-lkims5-20201-lkims5-20202-dan-lkim-s5-20204,arkib/arkib-sebut-harga,600,953
post,8850,sebutharga-bagi-mencetak-membekal-dan-menghantar-kepala-surat-letterhead-fail-terbuka-kulit-buku-mesyuarat-depan-dan-belakang-buku-rekod-cuti-kertas-dot-matriks-dan-kad-perakam-waktu-lkimsb5,arkib/arkib-sebut-harga,601,413
post,8846,sebutharga-untuk-cadangan-pelaksanaan-modul-harga-sistem-e-pengisytiharan-risikan-harga-ikan-peringkat-pasar-borong-dan-pasar-runcit-di-negeri-pulau-pinang-tahun-2020-lkimp-s10-2020,arkib/arkib-sebut-harga,602,385
post,8843,sebutharga-untuk-cadangan-kerja-kerja-penyelenggaraan-tapak-unjam-lkim-di-bawah-pakej-rangsangan-ekonomi-di-perairan-pulau-aman-seberang-perai-pulau-pinang-lkim-ps07-2020,arkib/arkib-sebut-harga,603,376
post,8838,sebutharga-untuk-cadangan-kerja-kerja-penyelenggaraan-tapak-unjam-lkim-di-bawah-pakej-rangsangan-ekonomi-di-perairan-muka-head-teluk-bahang-pulau-pinang-lkimp-s06-2020,arkib/arkib-sebut-harga,604,376
post,8827,kenyataan-tawaran-lkimsb3-2020,arkib/arkib-sebut-harga,605,237
post,8824,kenyataan-tawaran-lkimsb15-2020,arkib/arkib-sebut-harga,606,231
post,8816,kenyataan-tawaran-lkimsb4-2020,arkib/arkib-sebut-harga,607,236
post,8807,kenyataan-tawaran-sb2-2020,arkib/arkib-sebut-harga,608,228
post,8772,kenyataan-tawaran-lkims19-2020,arkib/arkib-sebut-harga,609,232
post,8789,sebutharga-bagi-kerja-kerja-kutipan-harga-ikan-dan-kemasukan-data-harga-ikan-ke-dalam-sistem-modul-harga-lkim-peringkat-pasar-borong-dan-pasar-runcit-di-wilayah-persekutuan-kuala-lumpur-putrajaya-dan,arkib/arkib-sebut-harga,610,430
post,8786,sebutharga-bagi-cadangan-membekal-dan-memasang-peralatan-pasar-nelayan-di-pasar-nelayan-lkim-pulau-meranti-puchong-selangor-lkimsb1-2020,arkib/arkib-sebut-harga,611,344
post,8781,kenyataan-tawaran-lkim-m-s04-2020,arkib/arkib-sebut-harga,612,245
post,8775,kenyataan-tawaran-lkims17-2020,arkib/arkib-sebut-harga,613,240
post,8751,perkhidmatan-pembersihan-di-kompleks-lkim-sungai-duyong-lot-800-802-jalan-padang-temu-melaka-bagi-tempoh-1-tahun-jun-2020-hingga-mei-2021-lkims03-2020,arkib/arkib-sebut-harga,614,327
post,8746,perkhidmatan-kawalan-keselamatan-tanpa-senjata-api-di-kompleks-lkim-sungai-duyong-lot-800-802-jalan-padang-temu-75050-melaka-lkims02-2020,arkib/arkib-sebut-harga,615,306
post,8715,pasar-nelayan-yang-beroperasi-sepanjang-tempoh-perintah-kawalan-pergerakan-pkp-dan-aktiviti-pemasaran-ikan-secara-cod,arkib/arkib-pengumuman,616,1218
post,8733,selamat-datang-yb-dato-syed-abu-hussin-bin-hafiz-syed-abdul-fasal-pengerusi-lkim,arkib/arkib-pengumuman,617,249
post,8687,pemberitahuan-penarikan-semula-sekatan-eksport-bagi-spesis-ikan-terpilih,arkib/arkib-pengumuman,618,239
post,8661,kenyataan-tawaran-sebutharga-lkims6-2020-dan-lkims7-2020,arkib/arkib-sebut-harga,619,694
post,8657,perkhidmatan-kawalan-keselamatan-tanpa-senjata-api-di-kompleks-lkim-sungai-duyong-lot-800-802-jalan-padang-temu-75050-melaka-lkims01-2020,arkib/arkib-sebut-harga,620,306
post,8647,jawatan-kosong-lkim,arkib/arkib-pengumuman,621,427
post,8641,sebutharga-bagi-penyelenggaraan-4-buah-chiller-dan-4-buah-cooling-tower-untuk-sistem-penghawa-dingin-berpusat-di-lkim-lkims8-2020,arkib/arkib-sebut-harga,622,335
post,8638,sebutharga-bagi-perkhidmatan-penyewaan-dan-pengurusan-mesin-penapis-air-di-ibu-pejabat-lkim-lkims2-2020,arkib/arkib-sebut-harga,623,309
post,8633,sebutharga-bagi-membekal-dan-menghantar-alat-tulis-komputer-kepada-lkim-pelawaan-semula,arkib/arkib-sebut-harga,624,294
post,8629,sebutharga-bagi-membekal-dan-menghantar-alat-tulis-komputer-kepada-lkim-pelawaan-semula-lkims4-2020,arkib/arkib-sebut-harga,625,309
post,8597,tawaran-bagi-sebutharga-penjualan-kenderaan-terpakai-lkim-s5-2020,arkib/arkib-sebut-harga,626,1076
post,8594,sebutharga-bagi-membekal-dan-menghantar-alat-tulis-komputer-kepada-lkim,arkib/arkib-sebut-harga,627,280
post,8588,penjualan-kenderaan-terpakai-proton-waja-dan-mitsubishi-pajero,arkib/arkib-sebut-harga,628,255
post,8565,makluman-sesi-taklimat-pendaftaran-pembekal-kontraktor-di-sistem-e-perolehan-tenderwizard,arkib/arkib-pengumuman,629,209
post,8557,sebutharga-bagi-cadangan-kerja-kerja-menaiktaraf-kemudahan-bilik-vms-vessel-monitoring-system-bahagian-perlindungan-sumber-jabatan-perikanan-malaysia-lkims40-2019-pelawaan-semula,arkib/arkib-sebut-harga,630,389
post,8537,sebutharga-bagi-perkhidmatan-penyeliaan-dan-pengendalian-secara-bulanan-bagi-keseluruhan-pepasangan-elektrik-oleh-jurutera-perkhidmatan-elektrik-jpe-jurutera-elektrik-kompeten-jek-serta-penjaga,arkib/arkib-sebut-harga,905,499
post,8519,cadangan-kerja-kerja-naik-taraf-dan-pembaikan-infrastruktur-kompleks-serta-kerja-kerja-berkaitan-di-pelabuhan-perikanan-lkim-tok-bali-pasir-putih-kelantan-lkimt1-2020,arkib/arkib-sebut-harga,631,442
post,8507,sebutharga-bagi-penyelenggaraan-4-buah-lif-secara-berkala-dalam-tempoh-3-tahun-di-lkim-wisma-lkim-jalan-desaria-pulau-meranti-puchong-selangor-lkims1-2020-pelawaan-semula,arkib/arkib-sebut-harga,632,385
post,8503,rm701011-dah-bayar,berita/berita-terkini,633,329
post,8501,lkim-harap-nelayan-sambut-peluang-dilindungi-perkeso,berita/berita-terkini,634,467
post,8499,lkim-komited-perkasa-pendidikan-anak-nelayan,berita/berita-terkini,635,381
post,8492,sebutharga-bagi-cadangan-kerja-kerja-menaiktaraf-kemudahan-bilik-vms-vessel-monitoring-system-bahagian-perlindungan-sumber-jabatan-perikanan-malaysia-lkims40-2019,arkib/arkib-sebut-harga,636,373
post,8488,sebutharga-bagi-cadangan-kerja-kerja-pembilikan-perpustakaan-dan-bahagian-industri-asas-tani-serta-kerja-kerja-berkaitan-di-wisma-lkim-puchong-selangor-lkims33-2019,arkib/arkib-sebut-harga,637,374
post,8453,kenyataan-tawaran-sebutharga-lkims28-2019-pelawaan-semula,arkib/arkib-sebut-harga,638,261
post,8450,kenyataan-tawaran-sebutharga-lkims24-2019-pelawaan-semula,arkib/arkib-sebut-harga,639,261
post,8447,sebutharga-bagi-penyelenggaraan-4-buah-lif-secara-berkala-dalam-tempoh-3-tahun-di-lkim-lkims1-2020,arkib/arkib-sebut-harga,640,308
post,8417,sebutharga-untuk-penyelenggaraan-sistem-goe-egdms-lkim-lkimsb14-2019-pelawaan-semula,arkib/arkib-sebut-harga,641,297
post,8405,hari-integriti-lkim-2019,arkib/arkib-pengumuman,642,94
post,8384,sebutharga-bagi-penyelenggaraan-dan-khidmat-sokongan-peralatan-ict-pusat-data-data-center-lkim-bagi-1-tahun-lkims34-2019-pelawaan-semula,arkib/arkib-sebut-harga,643,347
post,8336,kenyataan-tawaran-sebutharga-lkims39-2019,arkib/arkib-sebut-harga,644,272
post,8333,sebutharga-bagi-pembaharuan-lesen-perisian-orchestra-x-belladati-sistem-ids-lkim-untuk-tempoh-2-tahun-lkimsb12-2019,arkib/arkib-sebut-harga,645,324
post,8330,sebutharga-bagi-perkhidmatan-sewaan-mesin-penyalin-digital-bagi-tempoh-satu-1-tahun-di-ibu-pejabat-lkim-lkims37-2019,arkib/arkib-sebut-harga,646,323
post,8328,makluman-kepada-syarikat-perunding,arkib/arkib-pengumuman,647,108
post,8311,sebutharga-bagi-membekalmenghantar-memasang-menguji-dan-mentauliah-perkakasan-dan-centralized-backup-monitoring-system-bagi-lkim-lkims19-2019,arkib/arkib-sebut-harga,648,352
post,8307,sebutharga-bagi-membina-menghias-membuka-semula-serta-membersihkan-ruang-pejabat-pameran-pavilion-myseafood-dan-lain-lain-kerja-berkaitan-sempena-hari-peladang-penternak-dan-nelayan-kebangsaan-20,arkib/arkib-sebut-harga,649,423
post,8299,fit-lkim,arkib/arkib-pengumuman,650,203
post,8303,sebutharga-bagi-penyelenggaraan-dan-khidmat-sokongan-peralatan-ict-pusat-data-data-center-lkim-lkims34-2019,arkib/arkib-sebut-harga,651,314
post,8296,sebutharga-untuk-penyelenggaraan-sistem-goe-egdms-lkim-lkimsb14-2019,arkib/arkib-sebut-harga,652,278
post,8293,sebutharga-bagi-penggantian-dua-unit-server-aplikasi-dan-pangkalan-data-sistem-ids-serta-1-unit-server-sistem-e-kawalselia-lkim-lkims13-2019-pelawaan-semula,arkib/arkib-sebut-harga,653,368
post,8275,cadangan-kerja-kerja-membekal-dan-memasang-lampu-solar-jenis-led-di-kawasan-jeti-termasuk-kerja-kerja-membaiki-kerosakan-lampu-jalan-serta-kerja-kerja-berkaitan-di-kompleks-lkim-sg-duyong-padang-tem,arkib/arkib-sebut-harga,654,402
post,8268,sebutharga-bagi-kerja-kerja-integrasi-sistem-saga-dengan-sistem-eklaim-dan-e-pengisytiharan-serta-pelaksanaan-encryption-bagi-bank-bimb-cimb-dan-bimb-untuk-sistem-saga-lkim-lkims36-2019,arkib/arkib-sebut-harga,655,383
post,8271,sebutharga-bagi-penyelenggaraan-sistem-mypsm-lkim-lkimsb11-2019,arkib/arkib-sebut-harga,656,273
post,8265,notis-sekatan-eksport-bagi-beberapa-spesis-ikan-terpilih-15-april-2020-15-jun-2020,arkib/arkib-pengumuman,657,371
post,8262,notis-sekatan-eksport-bagi-beberapa-spesis-ikan-terpilih-1-januari-2020-28-februari-2020,arkib/arkib-pengumuman,658,391
post,8252,sebut-harga-perkhidmatan-dan-pembekalan-tenaga-kerja-di-pusat-latihan-lkim-camar-laut-lkims11-2019-pelawaan-semula,lain-lain,659,264
post,8237,menyiapkan-kerja-terbengkalai-bagi-cadangan-merekabentuk-membina-dan-menyiapkan-slipway-serta-kerja-kerja-berkaitan-di-tapak-slipway-geting-tumpat-kelantan-lkimt6-2019,arkib/arkib-sebut-harga,660,373
post,8224,sebut-harga-perkhidmatan-bagi-kerja-kerja-merekabentuk-dan-membekalkan-buletin-lkim-bilangan-02-2019-dan-bilangan-03-2019-tahun-2019-lkimsb10-2019,arkib/arkib-sebut-harga,661,296
post,8216,mencetak-dan-mengedar-kalendar-meja-korporat-lkim-untuk-tahun-2020-serta-lain-lain-kerja-berkaitan-lkims32-2019,arkib/arkib-sebut-harga,662,308
post,8213,merekabentuk-membekal-mengedar-buku-harian-rasmi-untuk-tahun-2020-serta-lain-lain-kerja-yang-berkaitan-lkims31-2019,arkib/arkib-sebut-harga,663,320
post,8210,perkhidmatan-membekal-dan-menghantar-sebuah-cold-room-jenis-kontena-20-kaki-di-merlimau-melaka-lkimms05-2019,arkib/arkib-sebut-harga,664,332
post,8207,membekal-dan-menghantar-android-tablet-dan-aksesori-untuk-kegunaan-lkim-lkims12-2019,arkib/arkib-sebut-harga,665,291
post,8196,sebut-harga-bagi-kerja-kerja-kutipan-harga-ikan-dan-kemasukan-data-harga-ke-dalam-sistem-modul-harga-lkim-peringkat-pasar-borong-dan-pasar-runcit-di-wilayah-persekutuan-kuala-lumpur-putrajaya-dan-sel,arkib/arkib-sebut-harga,666,438
post,8193,tawaran-bagi-sebut-harga-penjualan-kenderaan-terpakai-mitsubishi-pajero-wmj-6758-lkims30-2019,arkib/arkib-sebut-harga,667,295
post,8189,tender-penggantian-sistem-aplikasi-dan-perkakasan-e-pelesenan-lkim,arkib/arkib-sebut-harga,668,280
post,8176,cadangan-kerja-kerja-peningkatan-projek-ternakan-ikan-dalam-tangki-tidt-pnk-yan-kedah-lkimk-s5-2019,arkib/arkib-sebut-harga,669,300
post,8172,cadangan-kerja-penyelenggaraan-dan-baik-pulih-lantai-serta-longkang-dan-kerja-kerja-berkaitan-di-kompleks-perikanan-lkim-penarak-lkim-k-s6-2019,arkib/arkib-sebut-harga,670,345
post,8164,cadangan-kerja-kerja-penyelenggaraan-dan-baikpulih-jalan-di-kawasan-pasar-borong-kompleks-lkim-kuantan-kuantan-pahang-lkimcs15-2019,arkib/arkib-sebut-harga,671,453
post,8157,cadangan-kerja-kerja-peningkatan-premis-pemprosesan-ikan-kering-pekasam-en-muhammad-naiem-bin-hamzah-lkim-k-s3-2019,arkib/arkib-sebut-harga,672,295
post,8150,sebutharga-untuk-cadangan-membekal-peralatan-dan-menaiktaraf-kemudahan-operasi-pendaratan-ikan-tuna-perikanan-negeri-pulau-pinang-di-jeti-penang-port-lkim-p-s09-2019,arkib/arkib-sebut-harga,673,365
post,8147,sebutharga-untuk-cadangan-membekal-menghantar-memasang-dan-mengujicuba-peralatan-serta-barangan-berkaitan-untuk-usahawan-bimbingan-lkim-pulau-pinang-iaitu-syarikat-ybo-trading-di-taman-iks-bukit-min,arkib/arkib-sebut-harga,906,483
post,8144,sebutharga-untuk-cadangan-membekal-menghantar-memasang-dan-mengujicuba-peralatan-serta-barangan-berkaitan-untuk-2-pengusaha-produk-berasaskan-tuna-di-bawah-program-kerjasama-strategik-jabatan-perika,arkib/arkib-sebut-harga,674,430
post,8135,cadangan-kerja-kerja-penyelenggaraan-dan-pembaikan-pendawaian-dan-meter-elektrik-di-kompleks-lkim-pasar-bisik-kuala-muda-kedah-lkim-k-s4-2019,arkib/arkib-sebut-harga,675,335
post,8101,iklan-kekosongan-jawatan-kontrak-lkim-sabah-dan-sarawak,arkib/arkib-pengumuman,676,200
post,8088,cadangan-menaiktaraf-premis-untuk-usahawan-di-bawah-program-change-upgrade-product-cup-suhelmy-azhar-bin-said-di-kilang-keropok-cenderawasih-food-cherating-kuantan-pahang-lkim-cs14-2019,arkib/arkib-sebut-harga,677,232
post,8084,jawatan-kosong-pengurus-syarikat-kakitangan-lkim-sahaja,arkib/arkib-pengumuman,678,250
post,8066,sebutharga-lkim-sb9-2019,arkib/arkib-sebut-harga,679,360
post,8048,sebut-harga-untuk-cadangan-pelaksanaan-modul-harga-sistem-e-pengisytiharan-risikan-harga-ikan-peringkat-pasar-borong-dan-pasar-runcit-di-negeri-pulau-pinang-tahun-2019-lkimps06-2019,arkib/arkib-sebut-harga,680,390
post,8038,cadangan-penyelenggaraan-5-unit-kren-komponen-chain-hoist-dan-kerja-kerja-berkaitan-di-kompleks-lkim-kuantan-pahang-lkim-cs13-2019,arkib/arkib-sebut-harga,681,329
post,8040,program-lkim-bulan-ogos-2019,arkib/arkib-pengumuman,682,211
post,7692,world-shrimp-conference-and-exposition,arkib/arkib-pengumuman,683,314
post,8004,penyelenggaraan-sistem-e-perlesenan-lkim-lkims29-2019,arkib/arkib-sebut-harga,684,232
post,8001,perkhidmatan-membekal-dan-menghantar-bekalan-alat-tulis-komputer-kepada-lkim-lkims27-2019,arkib/arkib-sebut-harga,685,268
post,7997,sebut-harga-bagi-penggantian-server-dan-peralatan-komputer-sistem-lelong-ikan-berasaskan-web-slib-pnk-tg-dawai-lkims17-2019,arkib/arkib-sebut-harga,686,323
post,7978,projek-klip-km-dirayu-campur-tangan-untuk-bela-nasib-nelayan,berita/berita-terkini,687,478
post,7976,60-peserta-jayakan-kembara-media-moa-di-sabah,berita/berita-terkini,688,384
post,7974,kerajaan-pulau-pinang-sedia-berunding-dengan-nelayan,berita/berita-terkini,689,391
post,7869,sebutharga-untuk-cadangan-membekal-memasang-dan-mengujicuba-peralatan-serta-barangan-yang-berkaitan-pengoperasian-untuk-projek-hatchery-ternakan-ikan-dalam-sangkar-pnk-teluk-bahang-di-pantai-kamloon,arkib/arkib-sebut-harga,690,442
post,7866,sebutharga-untuk-cadangan-membekal-dan-memasang-benih-siput-sudu-serta-peralatan-berkaitan-untuk-projek-ternakan-siput-sudu-pnk-seberang-perai-di-perairan-pulau-aman-seberang-perai-selatan-pulau-pin,arkib/arkib-sebut-harga,691,397
post,7681,tawaran-sebutharga-lkim-kemaskini-23-mei-2019,arkib/arkib-sebut-harga,692,278
post,7821,perkhidmatan-pembersihan-kawasan-tanah-milik-lkim-di-pulau-meranti-puchong-selangor-lkims22-2019,arkib/arkib-berita,693,283
post,7812,nelayan-warga-emas-perlu-buktikan-masih-mampu-ke-laut,berita/berita-terkini,694,398
post,7808,rm3-juta-naik-taraf-jeti-tanjung-piai,berita/berita-terkini,695,399
post,7794,sebutharga-untuk-penyelenggaraan-sistem-w-iccs-lkim-lkims9-2019-pelawaan-semula,arkib/arkib-berita,696,196
post,7789,gangguan-ke-atas-portal-ikan-online,arkib/arkib-pengumuman,697,165
post,7780,sebut-harga-bagi-kerja-kerja-penyelenggaraan-sistem-pengurusan-aset-lkim,arkib/arkib-berita,698,253
post,7730,tawaran-tender-lkim-kemaskini-17-jun-2019,arkib/arkib-pengumuman,699,211
post,7735,ptf-2019-pacific-tuna-forum-2019,arkib/arkib-pengumuman,700,283
post,7713,kerja-kerja-penyelenggaraan-sistem-e-klaim-lkim-lkim-sb5-2019-pelawaan-semula,arkib/arkib-berita,701,267
post,7701,pemakluman-mengenai-konvensyen-kumpulan-inovatif-kreatif-kik,arkib/arkib-pengumuman,702,190
post,7668,tawaran-sebutharga-lkims18-2019,arkib/arkib-berita,703,173
post,7666,tawaran-sebutharga-lkims6-2019,arkib/arkib-berita,704,90
post,7644,tawaran-sebutharga-lkims20-2019,arkib/arkib-berita,705,160
post,7648,tawaran-sebutharga-lkims9-2019,arkib/arkib-berita,706,90
post,7640,tawaran-sebutharga-lkimsb5-2019,arkib/arkib-berita,707,103
post,7638,tawaran-sebutharga-lkimsb6-2019,arkib/arkib-berita,708,111
post,7633,tawaran-tender-lkimt5-2019,arkib/arkib-berita,709,94
post,7625,tawaran-tender-lkimt3-2019,arkib/arkib-berita,710,229
post,7589,notis-sekatan-eksport-bagi-beberapa-spesis-ikan-terpilih-dari-1-mei-2019-sehingga-30-jun-2019,arkib/arkib-pengumuman,711,234
post,7578,tawaran-sebutharga-lkimsb4-2019,arkib/arkib-berita,712,128
post,7564,tawaran-sebutharga-lkimsb3-2019,arkib/arkib-berita,713,137
post,7560,gangguan-sistem-e-nelayan-dan-sistem-e-pengisytiharan,arkib/arkib-berita,714,252
post,7536,tawaran-sebutharga-lkims122019,arkib/arkib-berita,715,169
post,7513,perkhidmatan-dan-pembekalan-tenaga-kerja-selama-satu-tahun-di-pusat-latihan-lkim-camar-laut-sepang-selangor-lkims112019,lain-lain,716,265
post,7508,perkhidmatan-penyelenggaraan-aplikasi-dan-lesen-bi-sistem-ids-lkim-lkims162019,arkib/arkib-berita,717,285
post,7521,pemakluman-untuk-menggunakan-sistem-kebenaran-ke-luar-negara-bagi-permohonan-kelulusan-menghadiri-urusan-rasmi-dan-atas-urusan-persendirian,arkib/arkib-pengumuman,718,600
post,7493,tawaran-sebutharga-lkims112019,arkib/arkib-berita,719,185
post,7476,penggunaan-sistem-e-perolehan-lkim,arkib/arkib-pengumuman,720,695
post,7449,pelawaan-menyertai-konvensyen-kumpulan-inovatif-dan-kreatif-kik-peringkat-lkim-tahun-2019,arkib/arkib-pengumuman,721,203
post,7437,7437,arkib/arkib-berita,722,164
post,7407,tawaran-sebutharga-lkims42019,arkib/arkib-berita,723,249
post,7383,jadual-peperiksaan-perkhidmatan-jadual-peperiksaan-psl,arkib/arkib-pengumuman,724,576
post,7324,kenal-pasti-mekanisme-jual-hasil-tani-lebih-murah,berita/berita-terkini,725,433
post,7321,syor-tubuh-renjer-laut-bagi-banteras-bot-pukat-tunda-salahuddin,berita/berita-terkini,726,409
post,7317,bangun-sistem-jualan-ikan-terus-dari-laut-salahuddin,berita/berita-terkini,727,442
post,7285,jawatan-kosong-di-pusat-latihan-lkim-camar-laut-sepang,arkib/arkib-berita,728,254
post,7267,tawaran-sebutharga-lkims72019,arkib/arkib-berita,729,449
post,7243,tawaran-tender-lkimt22019,arkib/arkib-berita,730,232
post,7204,nelayan-disaran-ceburi-industri-akuakultur-hiliran,arkib/arkib-berita,731,399
post,7201,malaysia-masih-import-20-peratus-ikan,arkib/arkib-berita,732,387
post,7198,nelayan-yang-layak-boleh-mohon-semula-esh,berita/berita-terkini,733,471
post,7186,tawaran-sebutharga-penjualan-kenderaan-terpakai,arkib/arkib-berita,734,247
post,7128,notis-sekatan-eksport-bagi-beberapa-spesis-ikan-terpilih,arkib/arkib-pengumuman,735,944
post,7120,sebutharga-bagi-kerja-kerja-membekal-modul-pengurusan-pinjaman-bagi-sistem-saga-di-lkim-tarikh-tutup-19-disember-2018,arkib/arkib-berita,736,344
post,7063,maha-2018,arkib/arkib-berita,737,444
post,7037,pengerusi-baharu-fama-lpp-dan-lkim-terima-watikah-lantikan,berita/berita-terkini,738,422
post,7034,mekanisme-terbaik-pastikan-tangkapan-nelayan-dijual-munasabah,berita/berita-terkini,739,480
post,6989,cadangan-pembinaan-sebuah-pencawang-elektrik-dan-menaiktaraf-pepasangan-elektrik-serta-kerja-kerja-berkaitan-di-pelabuhan-lkim-kuala-kedah-tarkh-tutup-15-november-2018,arkib/arkib-berita,740,370
post,6985,tahniah-pengerusi-lembaga-kemajuan-ikan-malaysia,arkib/arkib-pengumuman,741,197
post,6972,cadangan-membina-sebuah-pencawang-elektrik-dan-menaiktaraf-pepasangan-elektrik-serta-kerja-kerja-berkaitan-di-pelabuhan-lkim-kuala-kedah-tarikh-tutup-15-november-2018,arkib/arkib-berita,742,521
post,6964,sebutharga-bagi-penggantian-dua-unit-server-aplikasi-dan-database-sistem-mypsm-lkim-lkims92018-pelawaan-semula-tarikh-tutup-22-oktober-2018,arkib/arkib-berita,743,398
post,6955,sebutharga-bagi-mencetak-kepala-surat-letterhead-sampul-surat-buku-rawatan-pesakit-kulit-buku-mesyuarat-dan-kulit-fail-untuk-kegunaan-lkim-tarikh-tutup-17-oktober-2018,arkib/arkib-berita,744,379
post,6947,cadangan-kerja-kerja-penggantian-pintu-rintangan-api-dan-kerja-kerja-membina-tempat-letak-kereta-berbumbung-serta-kerja-kerja-berkaitan-di-wisma-klim-puchong-selangor-tarikh-tutup-16-oktober-2018,arkib/arkib-berita,745,398
post,6942,79857777-cadangan-untuk-kerja-kerja-membaikpulih-dinding-tembok-di-loji-kumbahan-stp-serta-kerja-kerja-yang-berkaitan-di-wisma-lkim-puchong-selangor-tarikh-tutup-15-oktober-2018,arkib/arkib-berita,746,374
post,6935,borang-maklumat-pegawai-keselamatan-jabatan-pkj,arkib/arkib-pengumuman,747,262
post,6909,jadual-pindaan-tarikh-peperiksaan-tahun-2018,arkib/arkib-berita,748,290
post,6780,sebutharga-bagi-cadangan-peningkatan-pepasangan-elektrik-secara-pendawaian-elektrik-dan-janakuasa-tunggu-sedia-serta-kerja-kerja-berkaitan-di-kompleks-hatcheri-lot-5565-kg-badong-pahang-tarikh-tu,arkib/arkib-berita,749,421
post,6765,sebutharga-lkim-tarikh-tutup-12-september-2018,arkib/arkib-berita,750,556
post,6661,107000-nelayan-akan-jalani-pemutihan-esh,berita/berita-terkini,751,413
post,6658,nelayan-dibebaskan-oleh-kerajaan-indonesia,berita/berita-terkini,752,372
post,6655,kompleks-pasar-bisik-perlu-dinaik-taraf,berita/berita-terkini,753,414
post,6589,tahniah-encik-jamaludin-othman-atas-perlantikan-sebagai-ketua-pengarah-lkim-baharu,arkib/arkib-berita,754,275
post,6584,tahniah-ketua-setiausaha-kementerian-pertanian-dan-industri-asas-tani,arkib/arkib-pengumuman,755,217
post,6577,tahniah-timbalan-menteri-kementerian-pertanian-industri-asas-tani,arkib/arkib-pengumuman,756,226
post,6515,kenyataan-harga-barang-turun-hasil-tinjauan-umum-menteri,berita/berita-terkini,757,439
post,6512,harga-barang-turun-30-50-peratus,berita/berita-terkini,758,353
post,6508,majlis-penasihat-pertanian-negara-diumumkan-tanggungjawab,berita/berita-terkini,759,391
post,6501,notis-penutupan-sementara-beberapa-sistem-aplikasi-lkim-sempena-perayaan-aidilfitri,arkib/arkib-berita,760,303
post,6468,menteri-pertanian-dan-industri-asas-tani,arkib/arkib-pengumuman,761,239
post,6444,factsheet-trade-measurement-and-the-sale-of-seafood,arkib/arkib-pengumuman,762,312
post,6427,asbi-nelayan-jaya-semporna,berita/berita-terkini,763,465
post,6424,wang-ihsan-bukti-keprihatinan-kerajaan-terhadap-nelayan,berita/berita-terkini,764,372
post,6421,rumpai-laut-lubuk-emas,berita/berita-terkini,765,416
post,6341,tahniah-kepada-encik-jamaludin-bin-othman-di-atas-perlantikan-sebagai-timbalan-ketua-pengarah-lkim,arkib/arkib-berita,766,973
post,5710,notis-sekatan-eksport-lkim,arkib/arkib-pengumuman,767,552
post,6235,iklan-jawatan-kosong-lkim,arkib/arkib-pengumuman,768,179
post,6229,camar-laut-sport-challenge,arkib/arkib-berita,769,118
post,6184,kilang-tuna-terbesar-di-bagan-datuk,berita/berita-terkini,770,361
post,6182,1000-penduduk-serbu-jualan-sentuhan-rakyat,berita/berita-terkini,771,349
post,6180,perniagaan-berimpak-tinggi-lonjak-koperasi,berita/berita-terkini,772,347
post,6149,qfish,arkib/arkib-pengumuman,773,701
post,6139,program-jualan-sentuhan-rakyat-parlimen-kuala-selangor,lain-lain,774,574
post,6003,15th-infofish-world-tuna-trade-conference-exhibition,arkib/arkib-pengumuman,775,154
post,6001,pnk-sedili-cemerlang-ternak-belangkas,berita/berita-terkini,776,386
post,5999,pak-su-ikon-produk-laut-pangkor,berita/berita-terkini,777,383
post,5997,staf-lkim-terengganu-ikrar-bebas-rasuah,berita/berita-terkini,778,393
post,5923,intellectual-discourse-perubahan-iklim-dan-jaminan-bekalan-makanan-isu-cabaran-dan-keperluan-penyelidikan,arkib/arkib-berita,779,210
post,5920,sebutharga-s422017-penjualan-kenderaan-terpakai-proton-waja-wnh-7827,arkib/arkib-berita,780,455
post,5903,persidangan-kebangsaan-ourfoodourfuture-2017,arkib/arkib-berita,781,268
post,5852,fit-lkim-2017,arkib/arkib-berita,782,247
post,5849,lima-buah-jeti-dibina-semula,berita/berita-terkini,783,372
post,5847,mekanisme-jual-ikan-secara-terus-kepada-b40,berita/berita-terkini,784,434
post,5845,insentif-kepada-nelayan-guna-pelabuhan-perikanan-tanjong-bako,berita/berita-terkini,785,476
post,5826,penyelenggaraan-bekalan-elekrik-wisma-lkim-dan-penutupan-sistem-di-data-centre-lkim,arkib/arkib-berita,786,306
post,5811,pengurniaan-darjah-kebesaran-dan-pingat-negeri-pahang-darul-makmur-sempena-ulang-tahun-hari-keputeraan-yang-ke-86-kebawah-duli-yang-maha-mulia-sultan-pahang,arkib/arkib-pengumuman,787,550
post,5807,gelombang-nelayan-nasional-2017,arkib/arkib-berita,788,309
post,5696,banci-sendi-2017,arkib/arkib-berita,789,311
post,5681,intellectual-discourse-menangani-cabaran-pengeluaran-pertanian-melalui-mekanisasi-dan-automasi,arkib/arkib-berita,790,211
post,5648,ceramah-penggubahan-wang-haram-dan-majlis-ikrar-bebas-rasuah,arkib/arkib-berita,791,210
post,5639,laporan-harga-ikan,lain-lain,792,80
post,5457,penyelenggaraan-sistem-e-pelesenan,lain-lain,793,169
post,5539,pertandingan-esei-perbahasan-dan-pidato-hari-inovasi-lkim-2017,arkib/arkib-berita,794,1072
post,5382,notis-sekatan-eksport-ikan-1-mei-hingga-31-julai-2017,lain-lain,795,533
post,5512,ikan-segar-beku-imbangi-kenaikan-harga,berita/berita-terkini,796,294
post,5510,lkim-lancar-kukenal-bantu-nelayan,berita/berita-terkini,797,319
post,5508,bekalan-ikan-cukup-sehingga-aidilfitri,berita/berita-terkini,798,368
post,5501,persidangan-padi-kebangsaan-2017-meneroka-potensi-eksport-2,arkib/arkib-pengumuman,799,130
post,5440,persidangan-padi-kebangsaan-2017-meneroka-potensi-eksport,arkib/arkib-pengumuman,800,218
post,5423,kempen-tabung-pahlawan-k3m,arkib/arkib-pengumuman,801,555
post,5435,selamat-hari-pekerja,arkib/arkib-pengumuman,802,205
post,5415,intellectual-discourse-memperkasa-usahawan-agromakanan-melalui-teknologi-mardi,arkib/arkib-berita,803,373
post,5407,daulat-tuanku-pertabalan-ke-bawah-duli-yang-maha-mulia-seri-paduka-baginda-yang-dipertuan-agong-xy,arkib/arkib-pengumuman,804,296
post,5371,my-save-food,arkib/arkib-pengumuman,805,249
post,5348,intellectual-discourse-pemindahan-dan-pengkomersialan-teknologi-mardi-pengalaman-dan-cabaran,arkib/arkib-berita,806,462
post,5332,kerajaan-tangguh-laksana-plks-disambut-baik,berita/berita-terkini,807,362
post,5330,50-nelayan-positif-dadah-dicekup,berita/berita-terkini,808,413
post,5325,demi-bela-nasib-nelayan-tpm,berita/berita-terkini,809,391
post,5311,aduanpertanyaancadangan-awam,arkib/arkib-pengumuman,810,311
post,5282,perutusan-pendaftar-tahun-2017,arkib/arkib-pengumuman,811,279
post,5270,lkim-jalin-kerjasama-dengan-tldm-apmm-jaga-keselamatan-nelayan-tempatan,berita/berita-terkini,812,433
post,5260,pemborong-ikan-pantai-timur-beralih-ke-kedah-dapatkan-bekalan,berita/berita-terkini,813,424
post,5258,bekalan-ikan-mencukupi,berita/berita-terkini,814,309
post,5256,lkim-fmo-phuket-jalin-kerjasama,berita/berita-terkini,815,371
post,5249,daulat-tuanku,arkib/arkib-berita,816,188
post,5225,jawatan-kosong-bertaraf-kontrak-di-lkim,arkib/arkib-berita,817,256
post,4189,tawaran-tender-lkimt52016,arkib/arkib-berita,818,190
post,4174,notis-sekatan-eksport-bagi-beberapa-spesis-ikan-terpilih-dari-1-disember-2016-sehingga-28-februari-2017,arkib/arkib-berita,819,332
post,4163,httpwww-agrobank-com-mycurrent-promotionsget-the-limited-edition-takaful-kasih-card-now,arkib/arkib-pengumuman,820,258
post,4153,malaysia-seafood-exposition-2016,lain-lain,821,213
post,4128,pertandingan-montaj-fotografi-untuk-kluster-agro-it-maha-2016,arkib/arkib-berita,822,544
post,4122,terasa-sentiasa-diperhati,berita/berita-terkini,823,448
post,4117,menjelang-bajet-2017-cabaran-memenuhi-harapan-rakyat,berita/berita-terkini,824,393
post,4110,seminar-transformasi-pemasaran,arkib/arkib-berita,825,222
post,4105,iklan-jawatan-kenaikan-pangkat-lkim,arkib/arkib-berita,826,244
post,4038,183-tangkapan-sepanjang-perairan-empat-neger,berita/berita-terkini,827,466
post,4036,moa-cadang-pinda-akta-perikanan-1985,berita/berita-terkini,828,345
post,4034,lkim-sedia-tangani-isu-pencerobohan-nelayan-asing,berita/berita-terkini,829,376
post,4030,persidangan-kebangsaan-ourfoodourfuture-2016,lain-lain,830,176
post,4004,pelaksanaan-laporan-nilaian-prestasi-tahunan-lnpt-bagi-tahun-2016-melalui-sistem-hrmis,arkib/arkib-pengumuman,831,182
post,4001,empat-pengusaha-tandatangani-perjanjian-untuk-pindah-ke-kompleks-lkim-kiamsam,berita/berita-terkini,832,440
post,3999,8000-fishermen-stranded-ashore-without-ais,berita/berita-terkini,833,293
post,3987,intellectual-discourse-perniagaan-bahan-tanaman-buah-buahan-pengalaman-mardi,lain-lain,834,176
post,3984,bajet-2017-tumpu-golongan-miskin-pertengahan,berita/berita-terkini,835,431
post,3874,sasar-jualan-rm300j,berita/berita-terkini,836,406
post,3872,kecualikan-cukai-import-peralatan-nelayan,berita/berita-terkini,837,438
post,3870,kerajaan-digesa-beri-kelonggaran-cukai-import-peralatan-tangkapan-ikan-nekmat,berita/berita-terkini,838,380
post,3868,rm1-6-juta-untuk-bina-pasar-nelayan-johor,berita/berita-terkini,839,294
post,3838,saluran-aduan-rasuah-tatakelakuan-lkim,arkib/arkib-pengumuman,840,951
post,3742,lkim-sedia-beri-kerjasama-perangi-dadah,berita/berita-terkini,841,422
post,3740,gaji-harian-mudahkan-beli-dadah,berita/berita-terkini,842,379
post,3738,200-terima-darjah-kebesaran-pingat-negeri-pahang,berita/berita-terkini,843,408
post,3724,intellectual-discourse-penstrukturan-semula-mardi-satu-transformasi-pengurusan-sumber-manusia,arkib/arkib-berita,844,204
post,3720,malaysian-agricultural-invention-show-magis-2016,lain-lain,845,152
post,3688,tahniah-yb-dato-sri-dr-haji-irmohizam-bin-haji-ibrahim-pengerusi-lkim-merangkap-ahli-parlimen-kuala-selangor,arkib/arkib-pengumuman,846,598
post,3608,persidangan-kebangsaan-agrobiodiversiti-2016,lain-lain,847,207
post,3597,persidangan-kebangsaan-ourfoodourfuture,lain-lain,848,251
post,3445,tldm-lancar-kad-rakam-untuk-komuniti-nelayan,berita/berita-terkini,849,479
post,3443,jeti-sungai-nibong-dinaik-taraf,berita/berita-terkini,850,397
post,3441,keep-land-along-rivers-in-natural-state-says-expert,berita/berita-terkini,851,286
post,3394,notis-sekatan-eksport-bagi-beberapa-spesis-ikan-terpilih-dari-1-jun-2016-sehingga-31-ogos-2016,arkib/arkib-pengumuman,852,321
post,3389,intellectual-discourse-industri-ayam-pedaging-di-malaysia,lain-lain,853,178
post,3383,intellectual-discourse-sumber-kewangan-realiti-dan-harapan,lain-lain,854,176
post,3315,12-bot-nelayan-pukat-tunda-ditahan,berita/berita-terkini,855,315
post,3313,150-awak-awak-asing-ditahan-jabatan-perikanan,berita/berita-terkini,856,407
post,3311,apmm-diminta-pergiat-penguatkuasaan-di-perairan,berita/berita-terkini,857,311
post,3303,intellectual-discourse-economic-of-rice,lain-lain,858,196
post,3299,majlis-syarahan-perdana-bil-42016-interventions-to-ensure-meat-safety,arkib/arkib-berita,859,297
post,3227,ribuan-kerapu-hibrid-mati-akibat-cuaca-panas,berita/berita-terkini,860,370
post,3225,20-peniaga-ikan-tanpa-lesen-diberi-amaran,berita/berita-terkini,861,263
post,3222,bekalan-ikan-mencukupi-lkim,berita/berita-terkini,862,292
post,3189,majlis-syarahan-perdana-mardi-laman-edibel-konsep-realiti-dan-cabaran-semasa,lain-lain,863,293
post,3040,peta-lokasi-ikan-segar-sejuk-beku,arkib/arkib-pengumuman,864,302
post,3028,tawaran-penjualan-kenderaan-terpakai-nissan-x-trail-lembaga-kemajuan-ikan-malaysia-lkims52016,lain-lain,865,252
post,2973,kecekapan-nelayan-bantu-anak-kapal-tudm-dipuji,berita/berita-terkini,866,515
post,2971,kerajaan-komited-terus-bantu-nelayan,berita/berita-terkini,867,335
post,2969,lkim-akan-bina-30-pasar-nelayan,berita/berita-terkini,868,306
post,2874,seaveg-2016,arkib/arkib-pengumuman,869,269
post,2871,beli-ikan-segar-di-pusat-pendaratan,berita/berita-terkini,870,356
post,2869,kuala-selangor-pusat-ikan-segar,berita/berita-terkini,871,419
post,2867,el-nino-import-ikan-dijangka-meningkat,berita/berita-terkini,872,450
post,2794,iklan-kekosongan-jawatan-kontrak,arkib/arkib-berita,873,263
post,2787,majlis-syarahan-perdana-penyelidikan-mardi-dr-rozhan-abu-dardak-merekayasa-pertumbuhan-sektor-pertanian-untuk-meningkatkan-kemakmuran-negara-melalui-teknologi-inovasi,arkib/arkib-berita,874,445
post,2769,iklan-jawatan-kosong-pemangkuan-2016,arkib/arkib-berita,875,870
post,2667,pemberitahuan-notis-sekatan-eksport-beberapa-spesis-ikan-terpilih-dari-1-dis-2015-hingga-29-feb-2016,arkib/arkib-berita,876,375
post,2523,gotong-royong-perdana-siri-12015,lain-lain,877,216
post,2510,kerian-bakal-hab-ternakan-ikan-ketutu,berita/berita-terkini,878,413
post,2508,lebih-85000-nelayan-akan-jalani-proses-pemutihan,arkib/arkib-berita,879,295
post,2506,tambak-laut-tidak-jejas-hasil-tangkapan-nelayan,berita/berita-terkini,880,425
post,2504,pesta-air-tradisional-kuala-perlis-dijangka-tarik-5000-pengunjung,berita/berita-terkini,881,419
post,2502,perkenal-cctv-kad-keluar-masuk-jeti,berita/berita-terkini,882,367
post,2500,pastikan-tppa-tidak-jejas-nasib-nelayan,berita/berita-terkini,883,312
post,2498,peruntukan-khusus-lkim-tingkat-industri-akuakultur,berita/berita-terkini,884,326
post,2457,harapan-lkim-untuk-tppa,arkib/arkib-pengumuman,885,233
post,2452,peringatan-integriti-larangan-penglibatan-dalam-politik-ke-atas-pegawai-kumpulan-pengurusan-tertinggi-dan-pegawai-kumpulan-pengurusan-dan-profesional,arkib/arkib-pengumuman,886,428
post,2448,projek-agriculture-flagship-agf,arkib/arkib-pengumuman,887,546
post,2442,incubator-virtualization-model-ivm-2,arkib/arkib-pengumuman,888,231
post,2438,aplikasi-myhrmis-cuti,arkib/arkib-pengumuman,889,500
post,2435,notis-makluman-pertukaran-moto-surat-rasmi-lkim,arkib/arkib-pengumuman,890,316
post,2433,pengisytiharan-harta-di-dalam-sistem-hrmis,arkib/arkib-pengumuman,891,302
post,2431,pautan-nombor-telefon-pengurus-besar-persatuan-nelayan-negeri-kawasan,arkib/arkib-pengumuman,892,192
post,929,lorem-ipsum-3,berita/berita-terkini,893,355
post,927,lorem-ipsum-2,berita/berita-terkini,894,307
post,925,lorem-ipsum,berita/berita-terkini,895,402
